试卷,题号,题型,归属章,原考点标签,题干摘要,参考答案要点,旧考纲专有,备注,规范章,规范考点
02333 软件工程 2010年10月,1,单选,C1,瀑布模型的特点,以文档为驱动、适合需求明确项目的模型,C,否,-,C1,瀑布模型
02333 软件工程 2010年10月,2,单选,C2,详细设计的任务,把功能描述转为精确结构化过程描述的阶段,B,否,-,C2,详细设计工具与结构化程序设计
02333 软件工程 2010年10月,3,单选,C0,软件开发环境的定义,软件开发环境是支持生存周期各阶段的一组软件工具,D,是,旧教材软件工具族内容，现行考纲未单列,C0,软件工具与开发环境
02333 软件工程 2010年10月,4,单选,C1,需求分析阶段的重要性,生存周期中对软件影响最大的阶段,C,否,-,C1,需求分析阶段的重要性
02333 软件工程 2010年10月,5,单选,C2,数据字典的功能,数据字典在需求分析阶段最基本的功能,A,否,-,C2,数据字典的符号与条目
02333 软件工程 2010年10月,6,单选,C0,可行性研究的内容,可行性研究包括哪几个方面,B,是,-,C0,可行性研究与成本效益分析
02333 软件工程 2010年10月,7,单选,C2,内聚类型判别,模块内聚性最好的类型,C,否,-,C2,内聚类型与设计原则
02333 软件工程 2010年10月,8,单选,C2,软件结构设计的任务,设计软件结构一般不确定的内容,D,否,-,C2,软件结构设计的任务
02333 软件工程 2010年10月,9,单选,C2,软件结构的扇入扇出准则,好的软件结构对扇出与扇入的要求,B,否,-,C2,模块结构图的深度·宽度·扇入扇出·作用域
02333 软件工程 2010年10月,10,单选,C2,耦合类型判别,两模块都使用同一张数据表的耦合名称,A,否,-,C2,耦合类型与设计原则
02333 软件工程 2010年10月,11,单选,C6,软件可靠性的定义,软件可靠性指系统完成指定功能的什么,C,否,-,C6,软件可维护性及其度量
02333 软件工程 2010年10月,12,单选,C2,模块的作用范围与控制范围,划分模块时作用范围与控制范围的关系,A,否,-,C2,模块结构图的深度·宽度·扇入扇出·作用域
02333 软件工程 2010年10月,13,单选,C2,扇入与模块重用,重用率高的模块在结构图中的特征,B,否,-,C2,模块结构图的深度·宽度·扇入扇出·作用域
02333 软件工程 2010年10月,14,单选,C1,构造原型应考虑的因素,构造原型时主要考虑什么,B,否,-,C1,原型（快速原型）模型
02333 软件工程 2010年10月,15,单选,C1,快速原型模型的特点,快速原型模型的主要特点之一,D,否,-,C1,原型（快速原型）模型
02333 软件工程 2010年10月,16,单选,C7,COCOMO成本估算模型,COCOMO估算模型属于哪一类成本模型,B,否,答案存疑：COCOMO常见表述为动态单变量/多变量模型,C7,软件成本估算
02333 软件工程 2010年10月,17,单选,C5,测试步骤与开发阶段的对应,需求分析、设计、编码对应的测试步骤,D,否,-,C5,软件测试的步骤与过程
02333 软件工程 2010年10月,18,单选,C6,软件维护的副作用,软件维护产生的副作用是指什么,C,否,-,C6,软件维护的副作用与影响因素
02333 软件工程 2010年10月,19,单选,C3,类的可重用性,比较理想的可重用软件结构,D,否,-,C3,类图与类的建模
02333 软件工程 2010年10月,20,单选,C3,面向对象建模的三个模型,面向对象建模三个模型中核心的模型,A,否,-,C3,面向对象建模的三个模型
02333 软件工程 2010年10月,21,简答,C1,软件危机产生的原因,简述软件危机产生的原因,规模大结构复杂；管理困难；费用不断上升；技术工具落后；个体手工生产方式,否,-,C1,软件危机（含义·表现·成因）
02333 软件工程 2010年10月,22,简答,C2,需求分析的概念与任务,简述需求分析的概念及基本任务,"把非形式需求转为完整需求定义与功能规约；准确回答系统""做什么""",否,-,C2,需求分析的概念与任务
02333 软件工程 2010年10月,23,简答,C2,数据流图的分类与特点,简述数据流图的分类及每一类的特点,变换型由输入处理输出三部分组成，是顺序结构；事务型由事务中心按输入值选择路径,否,-,C2,数据流图（DFD）符号·分层与绘制
02333 软件工程 2010年10月,24,简答,C3,建立对象模型的过程,简述建立对象模型的过程,确定类；准备数据字典；确定关联；确定属性；用继承细化类,否,-,C3,面向对象需求分析（OOA）与建模步骤
02333 软件工程 2010年10月,25,应用,C2,判定表方法的应用,用判定表描述空运与地运的托运收费规则,填写条件取值表；画初步判定表；画简化后的判定表,否,原卷判定表为图片，OCR未含,C2,判定表与判定树
02333 软件工程 2010年10月,26,应用,C5,等价类划分用例设计,（原卷题干缺失）划分等价类并设计测试用例,划分等价类并编号；为合理等价类设计用例；为不合理等价类设计用例,否,原卷题干缺失（OCR丢失），仅存三个小问,C5,等价类划分
02333 软件工程 2010年10月,27,填空,C1,软件的组成,计算机程序及其说明程序的各种文档称为_____,软件,否,-,C1,软件的定义与特点
02333 软件工程 2010年10月,28,填空,C2,IDEF0方法与功能模型,IDEF0描述系统功能活动而建立的模型,功能模型,否,-,C2,IDEF0方法与功能模型
02333 软件工程 2010年10月,29,填空,C2,结构化分析方法,结构化分析是一种面向_____的开发方法,数据流,否,-,C2,结构化分析方法与建模步骤
02333 软件工程 2010年10月,30,填空,C0,成本效益分析的目的,成本—效益分析从_____角度评价新项目是否可行,经济,是,可行性研究相关内容,C0,可行性研究与成本效益分析
02333 软件工程 2010年10月,31,填空,C2,模块的四个基本属性,模块四属性中反映其内部特性的是_____,逻辑,否,-,C2,模块、模块化与模块独立性
02333 软件工程 2010年10月,32,填空,C5,确认测试的目标,确认测试可发现系统是否符合用户的_____要求,功能和性能,否,-,C5,确认测试与有效性测试
02333 软件工程 2010年10月,33,填空,C2,算法描述工具PAD图,由左往右展开的二维树型结构的算法描述工具,PAD,否,-,C2,详细设计工具与结构化程序设计
02333 软件工程 2010年10月,34,填空,C3,动态模型的描述内容,动态模型描述系统的_____结构,控制,否,-,C3,面向对象需求分析（OOA）与建模步骤
02333 软件工程 2010年10月,35,填空,C7,成本估算方法,自顶向下、自底向上和_____估算方法,差别估算,否,-,C7,软件成本估算
02333 软件工程 2010年10月,36,填空,C6,维护类型判别,随软硬件环境变化而修改软件的维护活动,适应性维护,否,-,C6,软件维护的类型判别
02333 软件工程 2010年10月,37,简答,C1,软件生存周期模型的定义,名词解释：软件生存周期模型,描述开发过程各活动如何执行的模型；确立阶段次序与活动准则，便于协调通信,否,-,C1,软件过程与生存周期阶段
02333 软件工程 2010年10月,38,简答,C2,模块的定义与属性,名词解释：模块,数据说明与可执行语句等程序对象的集合；软件体系结构中可组合分解更换的单元,否,-,C2,模块、模块化与模块独立性
02333 软件工程 2010年10月,39,简答,C6,可维护性的定义与度量,名词解释：可维护性,软件能被理解、校正、适应及增强功能的容易程度；用7个质量特性衡量,否,-,C6,软件可维护性及其度量
02333 软件工程 2010年10月,40,简答,C3,继承性的定义,名词解释：继承性,子类自动共享父类数据结构和方法的机制；在已有类基础上定义新类并加入新内容,否,-,C3,封装·继承·多态·重载
02333 软件工程 2010年10月,41,简答,C0,投资回收期,名词解释：投资回收期,衡量开发工程价值的经济指标；累计经济效益等于最初投资所需的时间,是,归属存疑：亦属项目评估/成本效益分析,C0,可行性研究与成本效益分析
02333 软件工程 2010年1月,1,单选,C3,对象模型描述静态结构,面向对象分析中对象模型描述系统的什么,A,否,-,C3,对象模型描述静态结构
02333 软件工程 2010年1月,2,单选,C2,需求分析的任务,生存周期中准确确定软件必须做什么的阶段,B,否,-,C2,需求分析的任务
02333 软件工程 2010年1月,3,单选,C1,基于知识的模型,把瀑布模型和专家系统结合的生存周期模型,B,否,-,C1,软件过程模型的分类与选择
02333 软件工程 2010年1月,4,单选,C0,项目开发计划的内容,不属于项目开发计划主要内容的是,C,是,-,C0,项目开发计划与文档
02333 软件工程 2010年1月,5,单选,C2,结构化分析方法,使用数据流图表示系统逻辑模型的方法,D,否,-,C2,结构化分析方法与建模步骤
02333 软件工程 2010年1月,6,单选,C2,加工逻辑的描述工具,描述结构化分析中数据流加工逻辑的工具,A,否,-,C2,加工小说明与加工的描述工具
02333 软件工程 2010年1月,7,单选,C2,内聚类型判别,前一功能元素输出为下一元素输入的内聚类型,C,否,-,C2,内聚类型与设计原则
02333 软件工程 2010年1月,8,单选,C2,耦合类型判别,几种耦合类型中耦合性最高的,A,否,-,C2,耦合类型与设计原则
02333 软件工程 2010年1月,9,单选,C2,程序流程图的优缺点,程序流程图的优点不包括,B,否,-,C2,详细设计工具与结构化程序设计
02333 软件工程 2010年1月,10,单选,C2,结构化编程语言,第一个体现结构化编程思想的程序设计语言,C,否,-,C2,详细设计工具与结构化程序设计
02333 软件工程 2010年1月,11,单选,C5,确认测试的含义,确认测试又称为什么,A,否,-,C5,确认测试与有效性测试
02333 软件工程 2010年1月,12,单选,C5,黑盒测试技术,黑盒测试技术不包括,B,否,-,C5,黑盒测试技术（分类·事务流）
02333 软件工程 2010年1月,13,单选,C6,维护类型判别,为增加功能、增强性能而进行的维护活动,C,否,-,C6,软件维护的类型判别
02333 软件工程 2010年1月,14,单选,C1,瀑布模型与增量模型的区别,瀑布模型与增量模型之间的本质区别,B,否,-,C1,瀑布模型
02333 软件工程 2010年1月,15,单选,C3,面向对象设计的内聚类型,面向对象设计中存在的三种内聚,D,否,-,C2,内聚类型与设计原则
02333 软件工程 2010年1月,16,单选,C0,McCall质量度量模型,"与""控制非授权访问""对应的质量特性",B,是,-,C0,McCall 质量模型与软件复杂性度量
02333 软件工程 2010年1月,17,单选,C0,软件工程标准的层级,软件工程标准中JIS属于哪一级标准,B,是,-,C0,软件工程标准层级
02333 软件工程 2010年1月,18,单选,C0,程序维护手册所涉人员,"与""程序维护手册""文档有关的人员",B,是,-,C0,项目开发计划与文档
02333 软件工程 2010年1月,19,单选,C0,软件工具的分类,"软件工具""代码生成程序""属于哪类工具",C,是,-,C0,软件工具与开发环境
02333 软件工程 2010年1月,20,单选,C0,软件复杂性度量参数,反映软件指令数或源程序行数的参数,A,是,-,C0,McCall 质量模型与软件复杂性度量
02333 软件工程 2010年1月,21,简答,C1,软件工程面临的问题,简述软件工程面临的问题,软件费用；软件可靠性；软件维护；软件生产率；软件重用,否,-,C1,软件工程的定义、研究领域与发展
02333 软件工程 2010年1月,22,简答,C0,可行性研究报告的内容,简述可行性研究报告包含的主要内容,引言；前提；现有系统分析；技术、经济、社会可行性分析；可选方案；结论意见,是,-,C0,可行性研究与成本效益分析
02333 软件工程 2010年1月,23,简答,C2,软件结构设计的优化准则,简述软件结构设计的优化准则,高内聚低耦合；作用范围在控制范围内；深度宽度扇入扇出适当；大小适中；接口简单,否,-,C2,软件结构设计的优化准则
02333 软件工程 2010年1月,24,简答,C1,快速原型的开发步骤,简述快速原型的开发步骤,快速分析；构造原型；运行原型；评价原型；修改,否,-,C1,原型（快速原型）模型
02333 软件工程 2010年1月,25,应用,C2,事务分析导出软件结构图,由事务型数据流图设计初始软件结构图,识别事务中心；把输入流分解为若干事务处理路径；画出事务型结构图,否,原卷数据流图为图片，OCR未含,C2,变换型与事务型分析（SC 图设计）
02333 软件工程 2010年1月,26,应用,C5,语句覆盖测试用例设计,按程序流程图设计满足语句覆盖的3组测试用例,设计3组测试数据，给出执行路径和两个判定的判定结果，覆盖全部语句,否,原卷流程图为图片，OCR未含,C5,逻辑覆盖与测试覆盖强弱
02333 软件工程 2010年1月,27,填空,C0,软件工具的定义,软件工具是支持软件人员_____活动而使用的软件,开发和维护,是,-,C0,软件工具与开发环境
02333 软件工程 2010年1月,28,填空,C0,CASE技术的含义,CASE技术是_____和软件开发方法的结合,软件工具,是,-,C0,软件工具与开发环境
02333 软件工程 2010年1月,29,填空,C2,数据字典的条目类型,数据字典四类条目中缺的一类,数据项,否,-,C2,数据字典的符号与条目
02333 软件工程 2010年1月,30,填空,C2,数据流图的分类,数据流图一般分为_____和事务型两类,变换型,否,-,C2,数据流图（DFD）符号·分层与绘制
02333 软件工程 2010年1月,31,填空,C2,过程设计语言PDL,过程设计语言是用于描述模块_____和处理细节的语言,算法设计,否,-,C2,详细设计工具与结构化程序设计
02333 软件工程 2010年1月,32,填空,C2,编程风格与效率,效率是指处理机时间和_____的使用,存储空间,否,-,C2,详细设计工具与结构化程序设计
02333 软件工程 2010年1月,33,填空,C5,调试技术的分类,调试技术有简单方法、归纳法、_____和回溯法,演绎法调试,否,-,C5,调试（排错）技术
02333 软件工程 2010年1月,34,填空,C6,可维护性的七种质量特性,可维护性七种质量特性中缺少的一种,可理解性,否,-,C6,软件可维护性及其度量
02333 软件工程 2010年1月,35,填空,C3,UML的形成,UML统一了Booch方法、OMT方法和_____,OOSE方法,否,-,C3,UML 的定义与图形工具分类
02333 软件工程 2010年1月,36,填空,C3,动态模型与状态图,动态模型使用_____作为描述工具,状态图,否,-,C3,状态图与状态建模
02333 软件工程 2010年1月,37,简答,C1,软件工程过程的定义,名词解释：软件工程过程,规定获取、供应、开发、操作和维护软件时要实施的过程、活动和任务,否,参考答案表述同ISO/IEC 12207，若按旧考纲可归C0,C1,软件工程过程的定义
02333 软件工程 2010年1月,38,简答,C2,模块化的定义,名词解释：模块化,自顶向下逐层把系统划分成若干模块的过程；模块组装成整体完成系统功能,否,-,C2,模块、模块化与模块独立性
02333 软件工程 2010年1月,39,简答,C5,集成测试的定义,名词解释：集成测试,在单元测试基础上把模块按设计要求组装成完整系统所进行的测试,否,-,C5,组装（集成）测试
02333 软件工程 2010年1月,40,简答,C6,软件可靠性的定义,名词解释：软件可靠性,给定的时间内、规定的环境条件下系统完成指定功能的概率,否,-,C6,软件可维护性及其度量
02333 软件工程 2010年1月,41,简答,C2,模块的控制范围,名词解释：模块的控制范围,模块本身以及其所有下属模块（直接或间接从属于它的模块）的集合,否,-,C2,模块结构图的深度·宽度·扇入扇出·作用域
02333 软件工程 2011年10月,1,单选,C1,概念模型与软件模型的区分,描述实现概念模型的软件解决方案的模型,B,否,-,C1,概念模型与软件模型（模型分类）
02333 软件工程 2011年10月,2,单选,C2,需求的分类,整个需求的主体是哪一类需求,A,否,-,C2,需求的分类
02333 软件工程 2011年10月,3,单选,C2,总体设计的三个阶段,总体设计的第二阶段,D,否,-,C2,总体（概要）设计的任务与步骤
02333 软件工程 2011年10月,4,单选,C2,内聚类型判别,通过研究流程图确定模块划分得到的内聚类型,D,否,-,C2,内聚类型与设计原则
02333 软件工程 2011年10月,5,单选,C2,扇入与扇出的定义,一个模块直接控制的下层模块数目,B,否,-,C2,模块结构图的深度·宽度·扇入扇出·作用域
02333 软件工程 2011年10月,6,单选,C3,限定符的作用,UML中限定符常被用在哪种关系上,C,否,-,C3,关联、多重性与限定符
02333 软件工程 2011年10月,7,单选,C3,类图的用途,用于概念模型和软件模型静态结构的图,C,否,-,C3,类图与类的建模
02333 软件工程 2011年10月,8,单选,C3,RUP的四个阶段,RUP四个开发阶段中不包括哪个,A,否,-,C3,RUP 的四个开发阶段
02333 软件工程 2011年10月,9,单选,C3,RUP实现工作流的输入输出,RUP实现活动中输入设计类而输出的制品,D,否,-,C3,RUP 的工作流与四层结构
02333 软件工程 2011年10月,10,单选,C5,静态评估与动态评估,属于动态评估技术的选项,D,否,-,C5,静态测试与静态分析
02333 软件工程 2011年10月,11,单选,C5,黑盒测试的概念,黑盒测试技术又称为什么,A,否,-,C5,黑盒测试技术（分类·事务流）
02333 软件工程 2011年10月,12,单选,C5,路径测试,用A、C不同取值得到不同B值的测试策略,C,否,-,C5,路径测试技术
02333 软件工程 2011年10月,13,单选,C1,螺旋模型的组成,螺旋模型在哪两种模型基础上加入风险分析,B,否,-,C1,螺旋模型
02333 软件工程 2011年10月,14,单选,C1,喷泉模型的特点,主要用于支持面向对象技术的软件开发模型,C,否,-,C1,喷泉模型
02333 软件工程 2011年10月,15,单选,C0,CMMI能力等级,CMMI能力等级中的第一级,A,是,-,C0,CMMI 能力等级与成熟度等级
02333 软件工程 2011年10月,16,简答,C2,需求规约的定义与基本性质,什么是需求规约？简述其基本性质,所有需求陈述的正式文档；重要性稳定性、可修改性、完整性、一致性,否,-,C2,需求规约的基本性质
02333 软件工程 2011年10月,17,简答,C2,模块耦合类型与设计原则,什么是模块耦合及其类型与设计原则,模块间相互依赖程度的度量；内容、公共、控制、标记、数据耦合；尽量用数据耦合,否,-,C2,耦合类型与设计原则
02333 软件工程 2011年10月,18,简答,C3,UML的关系术语,UML给出了哪些表达关系的术语,关联（类目间结构关系）；泛化；细化；依赖,否,-,C3,UML 关系术语（关联/泛化/依赖）
02333 软件工程 2011年10月,19,简答,C3,RUP的定义与特点,简述RUP的定义和特点,基于UML的过程框架；以用况驱动、以体系结构为中心、迭代增量开发,否,-,C3,统一过程模型（RUP）概述
02333 软件工程 2011年10月,20,简答,C5,软件测试步骤与关注内容,简述软件测试步骤及关注的内容,单元测试关注模块；集成测试关注组装；有效性测试与系统测试关注系统整体,否,-,C5,软件测试的步骤与过程
02333 软件工程 2011年10月,21,简答,C1,瀑布模型的特点,简述瀑布模型以及可适应的情况,按固定顺序连接若干阶段，形如瀑布；适合需求已被很好理解、组织熟悉该过程的项目,否,-,C1,瀑布模型
02333 软件工程 2011年10月,22,应用,C2,判定树的应用,画出挑选男子篮球队员条件的判定树,按平均分70分、身高1.8米、体重75千克三个条件画出判定树,否,-,C2,判定表与判定树
02333 软件工程 2011年10月,23,应用,C5,等价类划分与边界值用例设计,学生选课1至3门的黑盒测试用例设计,按等价类划分法列出设计过程与测试用例；按边界值分析法设计测试用例,否,-,C5,等价类划分
02333 软件工程 2011年10月,24,填空,C1,概念模型与软件模型的区分,系统模型两大类中描述系统是什么的模型,概念模型,否,-,C1,概念模型与软件模型（模型分类）
02333 软件工程 2011年10月,25,填空,C2,需求分析的地位与任务,任何软件工程项目的基础是_____,软件需求,否,-,C2,需求分析的地位与任务
02333 软件工程 2011年10月,26,填空,C2,需求分析的任务与产物,需求阶段最终形成系统的_____,软件需求规格说明书,否,-,C2,需求分析的任务与产物
02333 软件工程 2011年10月,27,填空,C2,HIPO图的组成,HIPO图由一组IPO图和一张_____图组成,H图（层次图）,否,-,C2,详细设计工具与结构化程序设计
02333 软件工程 2011年10月,28,填空,C2,结构化设计的内容,结构化设计分为_____和详细设计,总体设计,否,-,C2,总体（概要）设计的任务与步骤
02333 软件工程 2011年10月,29,填空,C2,模块独立性度量,耦合和内聚是衡量模块_____的两个定性指标,独立性,否,-,C2,模块、模块化与模块独立性
02333 软件工程 2011年10月,30,填空,C3,UML图的分类,UML图形化工具分为结构图和_____,行为图,否,-,C3,UML 的定义与图形工具分类
02333 软件工程 2011年10月,31,填空,C3,用况图的用途,描述系统与外部系统及用户之间交互的图,用况图,否,-,C3,用况图与用况建模
02333 软件工程 2011年10月,32,填空,C3,RUP与UML的关系,RUP是基于_____的一种软件开发过程框架,UML；软件开发方法学,否,-,C3,RUP 的定义与特点
02333 软件工程 2011年10月,33,填空,C3,RUP的核心工作流,RUP每次迭代中核心工作流的最后一项,测试,否,-,C3,RUP 的工作流与四层结构
02333 软件工程 2011年10月,34,填空,C5,白盒测试的概念,白盒测试的典型技术及其依据,路径测试；逻辑结构,否,-,C5,白盒测试技术
02333 软件工程 2011年10月,35,填空,C5,单元测试的对象与技术,单元测试检验的最小单元及采用的测试技术,模块；白盒,否,-,C5,单元测试（内容·依据·驱动桩）
02333 软件工程 2011年10月,36,填空,C0,12207软件生存周期过程分类,12207按过程主体划分的三类过程,组织过程,是,-,C0,ISO/IEC 12207 软件生存周期过程分类
02333 软件工程 2011年10月,37,填空,C0,CMMI的源模型,CMMI集成的3个源模型,系统工程CMM,是,-,C0,CMMI 的三个源模型与集成思想
02333 软件工程 2011年10月,38,填空,C0,CMMI成熟度等级与能力等级,CMMI成熟度等级与能力等级的区别,一组（多个）；单个,是,-,C0,CMMI 能力等级与成熟度等级
02333 软件工程 2011年1月,1,单选,C1,瀑布模型的特点,规定了由前至后、相互衔接固定次序的模型,A,否,-,C1,瀑布模型
02333 软件工程 2011年1月,2,单选,C2,需求规格说明书的作用,需求分析结果的最重要的文档,A,否,-,C2,需求规约的定义与作用
02333 软件工程 2011年1月,3,单选,C0,系统流程图的作用,可行性分析中系统流程图用于描述当前系统,A,是,-,C2,数据流图（DFD）符号·分层与绘制
02333 软件工程 2011年1月,4,单选,C2,数据字典的四类条目,一般不包括在数据字典条目中的是,D,否,-,C2,数据字典的符号与条目
02333 软件工程 2011年1月,5,单选,C2,详细设计的任务,软件详细设计的基本任务是确定模块的,C,否,-,C2,详细设计工具与结构化程序设计
02333 软件工程 2011年1月,6,单选,C1,软件实现（编码）阶段的任务,把模块控制结构转变成程序代码的阶段,D,否,-,C1,软件实现（编码）阶段的任务
02333 软件工程 2011年1月,7,单选,C2,概要设计的输出,软件概要设计结束后得到,B,否,-,C2,总体（概要）设计的任务与步骤
02333 软件工程 2011年1月,8,单选,C5,逻辑覆盖强弱关系,关于各覆盖种类说法错误的是,D,否,-,C5,逻辑覆盖与测试覆盖强弱
02333 软件工程 2011年1月,9,单选,C5,集成测试的人员选择,提高集成测试效果应由何人进行,D,否,-,C5,组装（集成）测试
02333 软件工程 2011年1月,10,单选,C5,软件测试的目的,一个成功的测试可以,C,否,-,C5,软件测试的目的、原则与对象
02333 软件工程 2011年1月,11,单选,C2,变换型与事务型分析,分层DFD映射成软件结构中说法错误的是,D,否,-,C2,变换型与事务型分析（SC 图设计）
02333 软件工程 2011年1月,12,单选,C2,HIPO图的组成与作用,关于HIPO图说法正确的是,C,否,-,C2,详细设计工具与结构化程序设计
02333 软件工程 2011年1月,13,单选,C6,维护工作步骤,软件维护工作过程第一步先确认,B,否,-,C6,软件维护的过程与组织
02333 软件工程 2011年1月,14,单选,C6,提高可维护性的方法,提高可维护性在编码阶段应注意,D,否,-,C6,软件可维护性及其度量
02333 软件工程 2011年1月,15,单选,C1,原型模型的类型与作用,演化型原型用原型过程代替,B,否,-,C1,原型（快速原型）模型
02333 软件工程 2011年1月,16,单选,C3,对象模型的建模术语,面向对象分析中常用动词或动词词组表示,C,否,-,C3,对象模型的建模术语
02333 软件工程 2011年1月,17,单选,C3,状态图中事件与动作,与事件联系在一起的瞬间操作是,B,否,-,C3,状态图与状态建模
02333 软件工程 2011年1月,18,单选,C3,面向对象的主要特征,面向对象主要特征除唯一性、分类性、继承性外,A,否,-,C3,封装·继承·多态·重载
02333 软件工程 2011年1月,19,单选,C7,软件正确性的度量,满足规格说明和用户业务要求的质量特性,C,否,质量特性归第7章度量，存疑,C7,软件度量（面向规模/面向功能）
02333 软件工程 2011年1月,20,单选,C0,可行性研究的经济可行性,项目是否值得开发经济上可行取决于,A,是,-,C0,可行性研究与成本效益分析
02333 软件工程 2011年1月,21,简答,C1,软件危机的成因与表现,简述软件危机形成的原因及其表现,成因：问题长期无解而积累；表现：预算超支、不满足需求、可维护性差、可靠性差,否,-,C1,软件危机（含义·表现·成因）
02333 软件工程 2011年1月,22,简答,C2,数据流图的四种基本符号,简述数据流图及四种基本图形符号含义,数据源/数据潭；加工；数据流；数据存储,否,答案OCR缺失，按通识补,C2,数据流图（DFD）符号·分层与绘制
02333 软件工程 2011年1月,23,简答,C2,模块独立性的两个标准,简述衡量模块独立性的两个标准及含义,耦合性（块间联系）与内聚性（块内联系）,否,-,C2,模块、模块化与模块独立性
02333 软件工程 2011年1月,24,简答,C1,原型的作用,简述原型的作用,明确需求；验证设计可行性；支持演化；鼓励用户参与；作教学环境,否,-,C1,原型（快速原型）模型
02333 软件工程 2011年1月,25,应用,C2,判定表的建立与化简,按分配原则填条件取值表并化简判定表,条件取值表；化简后的判断表（年龄、文化程度取值）,否,原卷图表缺失,C2,判定表与判定树
02333 软件工程 2011年1月,26,应用,C3,对象模型的建立,在公司对象模型中填入相应的对象名,开发部门；软件产品；经理；开发人员；开发项目,否,原卷图缺失,C3,面向对象需求分析（OOA）与建模步骤
02333 软件工程 2011年1月,27,填空,C2,Jackson方法的设计基础,Jackson方法是面向_____的设计方法,数据结构,否,-,C2,详细设计工具与结构化程序设计
02333 软件工程 2011年1月,28,填空,C0,投资回收期,累计经济效益等于最初投资费用所需时间,投资回收期,是,-,C0,可行性研究与成本效益分析
02333 软件工程 2011年1月,29,填空,C1,软件工程的研究领域,软件工程研究的主要内容是开发技术和_____,软件开发管理,否,-,C1,软件工程的定义、研究领域与发展
02333 软件工程 2011年1月,30,填空,C2,加工小说明的工具,描述加工逻辑的三种工具之一,判定树,否,-,C2,加工小说明与加工的描述工具
02333 软件工程 2011年1月,31,填空,C2,事务型数据流图判别,输入流分离成发散数据流的DFD称为,事务型,否,-,C2,数据流图（DFD）符号·分层与绘制
02333 软件工程 2011年1月,32,填空,C5,测试用例的组成,测试用例由输入数据和_____组成,预期输出数据,否,-,C5,软件测试的步骤与过程
02333 软件工程 2011年1月,33,填空,C5,驱动模块与桩模块,模拟被测模块上级调用模块的辅助模块,驱动模块,否,-,C5,单元测试（内容·依据·驱动桩）
02333 软件工程 2011年1月,34,填空,C6,结构化维护与非结构化维护,有文档易维护是一种_____维护,结构化维护,否,-,C6,软件维护的过程与组织
02333 软件工程 2011年1月,35,填空,C3,状态图的组成要素,状态图反映了状态与_____的关系,事件,否,-,C3,状态图与状态建模
02333 软件工程 2011年1月,36,填空,C6,软件可靠性与容错,能从错误状态自动恢复正常状态的软件,容错软件,否,可靠性定为第6章指标，存疑,C6,软件可维护性及其度量
02333 软件工程 2011年1月,37,简答,C2,结构化分析方法的定义,名词解释：结构化分析方法,面向数据流的需求分析方法；自顶向下逐层分解建模,否,-,C2,结构化分析方法与建模步骤
02333 软件工程 2011年1月,38,简答,C5,黑盒测试的定义,名词解释：黑盒测试,不考虑内部结构；在接口处依据需求说明书测试；又称功能测试,否,-,C5,黑盒测试技术（分类·事务流）
02333 软件工程 2011年1月,39,简答,C6,维护的副作用,名词解释：维护的副作用,因修改软件造成的错误或不良后果；含编码、数据、文档副作用,否,-,C6,软件维护的副作用与影响因素
02333 软件工程 2011年1月,40,简答,C7,软件配置管理的定义,名词解释：软件配置管理,管理生存期各阶段变更的一组活动；标识、控制、确保并报告变更,否,亦可归第6章维护,C7,软件配置管理
02333 软件工程 2011年1月,41,简答,C7,软件质量保证的定义,名词解释：软件质量保证,确定、达到并维护所需软件质量的有计划有系统的管理活动,否,-,C7,软件质量保证
02333 软件工程 2012年10月,1,单选,C1,软件系统模型的分类,“描述了系统是什么”的系统模型被称为,-,否,-,C1,概念模型与软件模型（模型分类）
02333 软件工程 2012年10月,2,单选,C2,质量属性规约,不属于质量属性规约期望指标的是,-,否,-,C2,需求的分类与基本性质
02333 软件工程 2012年10月,3,单选,C2,耦合类型判别,常见耦合类型中应尽量避免使用的是,-,否,-,C2,耦合类型与设计原则
02333 软件工程 2012年10月,4,单选,C2,各阶段使用的图形工具,常用作总体设计的工具是,-,否,-,C2,各阶段使用的图形工具
02333 软件工程 2012年10月,5,单选,C3,限定符与限定关联,伴随限定符使用的关系是,-,否,-,C3,关联、多重性与限定符
02333 软件工程 2012年10月,6,单选,C3,泛化关系判别,自行车和交通工具之间的关系是,-,否,-,C3,泛化关系（含义·约束·判别）
02333 软件工程 2012年10月,7,单选,C3,对象模型描述静态结构,面向对象分析中对象模型描述了系统的,-,否,-,C3,对象模型描述静态结构
02333 软件工程 2012年10月,8,单选,C3,UML交互图（顺序图）,UML表达系统交互建模的图形化工具,-,否,-,C3,顺序图（时序图）与协作
02333 软件工程 2012年10月,9,单选,C3,RUP实现工作流的输入输出,RUP实现活动输入设计类，输出为,-,否,-,C3,RUP 的工作流与四层结构
02333 软件工程 2012年10月,10,单选,C5,黑盒测试的依据,黑盒测试技术依据的是,-,否,-,C5,黑盒测试技术（分类·事务流）
02333 软件工程 2012年10月,11,单选,C5,等价类划分用例设计,S取值-60至60，取-200、20、200的设计方法,-,否,该卷无答案；亦可能答边界值分析,C5,等价类划分
02333 软件工程 2012年10月,12,单选,C1,演化模型的特性,演化模型不具有的特性是,-,否,-,C1,演化模型
02333 软件工程 2012年10月,13,单选,C0,ISO12207过程分类,12207中可归于组织过程的是,-,是,-,C0,ISO/IEC 12207 软件生存周期过程分类
02333 软件工程 2012年10月,14,单选,C0,CMMI能力等级与共用目标,CMMI能力等级中共用目标最强的是,-,是,-,C0,CMMI 能力等级与成熟度等级
02333 软件工程 2012年10月,15,单选,C5,逻辑覆盖强弱关系,从测试完成程度看覆盖率最高的是,-,否,-,C5,逻辑覆盖与测试覆盖强弱
02333 软件工程 2012年10月,16,简答,C2,需求的基本性质,简述需求的基本性质,-,否,该卷无参考答案,C2,单个需求的基本性质
02333 软件工程 2012年10月,17,简答,C2,需求工作面临的挑战,简述需求工作面临的挑战和应对方法,-,否,该卷无参考答案,C2,需求验证与需求工作的挑战
02333 软件工程 2012年10月,18,简答,C3,类与对象的概念,什么是类、对象和类的构成成分,-,否,该卷无参考答案,C3,类与对象的概念、构成与可见性
02333 软件工程 2012年10月,19,简答,C3,RUP的定义与特点,什么是RUP，它有什么特点,-,否,该卷无参考答案,C3,统一过程模型（RUP）概述
02333 软件工程 2012年10月,20,简答,C5,软件测试目的认识的演变,简述软件测试目的认识所经历的阶段,-,否,该卷无参考答案,C5,软件测试综合
02333 软件工程 2012年10月,21,简答,C1,喷泉模型及适用情况,简述喷泉模型以及可适应的情况,-,否,该卷无参考答案,C1,喷泉模型
02333 软件工程 2012年10月,22,应用,C2,分层数据流图的绘制,画机票销售系统的0层和1层DFD,-,否,该卷无参考答案,C2,数据流图（DFD）符号·分层与绘制
02333 软件工程 2012年10月,23,应用,C5,白盒测试用例设计,对被测试程序段设计测试用例,-,否,原卷截断；该卷无参考答案,C5,白盒测试技术
02333 软件工程 2012年1月,1,单选,C1,软件系统模型的分类,需求层创建的是哪种模型,C,否,-,C1,概念模型与软件模型（模型分类）
02333 软件工程 2012年1月,2,单选,C2,需求分类与质量属性,故障率为3次/2000小时属于,A,否,-,C2,需求的分类与基本性质
02333 软件工程 2012年1月,3,单选,C2,需求规约的组成,需求规约文档的技术核心是,A,否,-,C2,需求规约的表达风格与文档结构
02333 软件工程 2012年1月,4,单选,C2,加工的动宾结构标识,标识采用动宾结构的术语是,B,否,-,C2,加工小说明与加工的描述工具
02333 软件工程 2012年1月,5,单选,C2,总体设计的三个阶段,总体设计的第三阶段是,C,否,-,C2,总体（概要）设计的任务与步骤
02333 软件工程 2012年1月,6,单选,C2,内聚类型判别,计算成绩平均值并挑前十名模块的内聚类型,C,否,-,C2,内聚类型与设计原则
02333 软件工程 2012年1月,7,单选,C2,扇入与扇出的含义,提高软件复用性指的是模块的,A,否,-,C2,模块结构图的深度·宽度·扇入扇出·作用域
02333 软件工程 2012年1月,8,单选,C3,UML包的组织机制,UML组织信息的通用机制是,C,否,-,C3,包图与包机制
02333 软件工程 2012年1月,9,单选,C3,UML状态图与生存周期建模,创建行为生存周期模型的图形工具是,B,否,-,C1,软件过程与生存周期阶段
02333 软件工程 2012年1月,10,单选,C3,RUP的四个阶段,RUP迭代增量开发的4个阶段不包括,D,否,-,C3,RUP 的四个开发阶段
02333 软件工程 2012年1月,11,单选,C3,RUP测试工作流的输入输出,RUP测试活动输入测试用况，输出为,B,否,-,C3,RUP 的工作流与四层结构
02333 软件工程 2012年1月,12,单选,C5,白盒测试技术种类,典型的白盒测试技术是,A,否,-,C5,白盒测试技术
02333 软件工程 2012年1月,13,单选,C1,螺旋模型的特点,包含风险分析活动的生存周期模型是,D,否,-,C1,螺旋模型
02333 软件工程 2012年1月,14,单选,C1,喷泉模型的特点,体现迭代和无间隙特征的模型是,D,否,-,C1,喷泉模型
02333 软件工程 2012年1月,15,单选,C0,CMMI成熟度等级划分,CMMI成熟度等级中的第二级为,B,是,-,C0,CMMI 能力等级与成熟度等级
02333 软件工程 2012年1月,16,简答,C2,软件需求的分类及关系,简述软件需求的分类及其关系,功能需求与非功能需求；非功能含性能、接口、设计约束、质量属性；功能需求是主体,否,-,C2,需求的分类与基本性质
02333 软件工程 2012年1月,17,简答,C2,内聚类型排序,什么是模块和模块内聚，列出常见内聚类型,模块＝过程＋数据结构；内聚为模块内各成分关联程度；偶然至功能内聚递增,否,-,C2,内聚类型与设计原则
02333 软件工程 2012年1月,18,简答,C3,UML状态图的作用,什么是状态和状态图，作用是什么,状态是实例生存中的条件；状态图显示状态机控制流；建动态模型,否,-,C3,状态图与状态建模
02333 软件工程 2012年1月,19,简答,C3,RUP需求获取步骤与制品,简述RUP中需求获取的基本步骤和相关制品,列候选需求→特征表；理解语境→领域/业务模型；捕获需求→用况模型,否,-,C3,面向对象需求分析（OOA）与建模步骤
02333 软件工程 2012年1月,20,简答,C5,黑盒测试技术要点,简述黑盒测试技术的要点,又称功能测试；依据软件行为的描述；只看外部输入输出,否,-,C5,黑盒测试技术（分类·事务流）
02333 软件工程 2012年1月,21,简答,C1,增量模型及适用情况,简述增量模型以及可适应的情况,需求可分组结构化；首版交付快、降低风险；适应技术驱动的产品开发,否,-,C1,增量模型
02333 软件工程 2012年1月,22,应用,C2,用N-S图表示程序逻辑,用PDL书写的程序改用N-S图表示,-,否,原卷PDL缺失；答案缺失,C2,详细设计工具与结构化程序设计
02333 软件工程 2012年1月,23,应用,C5,程序流程图与路径测试,根据被测试程序的流程图作答,-,否,原卷图缺失；答案缺失,C2,详细设计工具与结构化程序设计
02333 软件工程 2012年1月,24,填空,C1,软件危机的产生背景,软件工程概念提出是为解决日益严重的_____,软件危机,否,-,C1,软件危机（含义·表现·成因）
02333 软件工程 2012年1月,25,填空,C2,功能需求是需求的主体,需求分类中作为整个需求主体的是_____,功能需求,否,-,C2,需求的分类与基本性质
02333 软件工程 2012年1月,26,填空,C2,需求分析的首要任务,需求分析首要任务是建立系统的_____,功能模型,否,-,C2,需求分析的首要任务
02333 软件工程 2012年1月,27,填空,C2,模块的组成与模块化原则,模块化按_____原则；模块由_____和模块体组成,高内聚低耦合；接口,否,-,C2,模块、模块化与模块独立性
02333 软件工程 2012年1月,28,填空,C3,UML状态的分类,UML把状态分为初态、终态和_____,通常状态,否,-,C3,UML 的定义与图形工具分类
02333 软件工程 2012年1月,29,填空,C3,聚合关系判别,汽车和汽车引擎之间是_____关系,聚合,否,-,C3,组合·聚合与整体-部分关系
02333 软件工程 2012年1月,30,填空,C3,RUP的用况驱动与体系结构中心,RUP以_____为驱动、以_____为中心的迭代增量开发,用况（Use Case）；体系结构,否,-,C3,统一过程模型（RUP）概述
02333 软件工程 2012年1月,31,填空,C3,RUP的核心工作流,RUP迭代核心工作流为需求获取、分析、设计、_____和测试,实现,否,-,C3,RUP 的工作流与四层结构
02333 软件工程 2012年1月,32,填空,C5,软件测试的目的,测试的目标只能是_____,发现错误,否,-,C5,软件测试的目的、原则与对象
02333 软件工程 2012年1月,33,填空,C5,有效性测试,有效性测试采用_____技术，验证_____的可追溯性,黑盒测试；软件需求,否,-,C5,确认测试与有效性测试
02333 软件工程 2012年1月,34,填空,C5,单元测试的依据与任务,单元测试以_____文档为指导，多采用_____技术,详细设计；白盒测试,否,-,C5,单元测试（内容·依据·驱动桩）
02333 软件工程 2012年1月,35,填空,C5,集成测试的目标,集成测试目标是发现与_____有关的错误,接口,否,-,C5,组装（集成）测试
02333 软件工程 2012年1月,36,填空,C0,ISO12207过程分类,12207按过程主体分为基本过程、_____和组织过程,支持过程,是,-,C0,ISO/IEC 12207 软件生存周期过程分类
02333 软件工程 2012年1月,37,填空,C0,CMMI的源模型,CMMI集成的3个源模型之一是_____,软件CMM,是,-,C0,CMMI 的三个源模型与集成思想
02333 软件工程 2012年1月,38,填空,C0,CMMI两种过程改善路径,CMMI两种改善路径之一与成熟度等级；等级有_____个,能力等级；5,是,-,C0,CMMI 过程域、目标与最佳实践组织
02333 软件工程 2013年10月,1,单选,C1,软件工程的发展历程,20世纪80年代以来软件工程的主要特征,D,否,-,C1,软件工程的定义、研究领域与发展
02333 软件工程 2013年10月,2,单选,C2,设计约束需求的内容,下列选项中不属于设计约束的是,A,否,-,C2,需求的分类与基本性质
02333 软件工程 2013年10月,3,单选,C2,耦合类型判别,一个模块直接修改另一模块内部数据的耦合,A,否,-,C2,耦合类型与设计原则
02333 软件工程 2013年10月,4,单选,C2,内聚类型判别,常见内聚类型中最理想的内聚是,C,否,-,C2,内聚类型与设计原则
02333 软件工程 2013年10月,5,单选,C2,扇入与扇出的含义,对软件结构宽度影响最大的因素是模块的,B,否,-,C2,模块结构图的深度·宽度·扇入扇出·作用域
02333 软件工程 2013年10月,6,单选,C2,各阶段使用的图形工具,常用在需求分析阶段的工具是,D,否,-,C2,各阶段使用的图形工具
02333 软件工程 2013年10月,7,单选,C3,聚合与关联的关系,UML表达关系的术语中聚合是一种特殊的,A,否,-,C3,组合·聚合与整体-部分关系
02333 软件工程 2013年10月,8,单选,C3,UML用况图与功能建模,表达系统功能模型的图形化工具是,A,否,-,C3,用况图与用况建模
02333 软件工程 2013年10月,9,单选,C3,RUP实现工作流的输入输出,RUP实现活动输入设计类、接口，输出为,B,否,-,C3,RUP 的工作流与四层结构
02333 软件工程 2013年10月,10,单选,C5,白盒测试的依据,白盒测试技术依据的是,A,否,-,C5,白盒测试技术
02333 软件工程 2013年10月,11,单选,C5,逻辑覆盖强弱关系,从测试完成程度看覆盖率最低的是,B,否,-,C5,逻辑覆盖与测试覆盖强弱
02333 软件工程 2013年10月,12,单选,C7,软件开发各阶段工作量分布,占总工作量百分比重最大的工作是,D,否,归第7章度量，存疑,C7,软件开发各阶段工作量分布
02333 软件工程 2013年10月,13,单选,C1,增量模型的特点,软件开发的增量模型是一种,B,否,-,C1,增量模型
02333 软件工程 2013年10月,14,单选,C1,螺旋模型与瀑布模型的比较,相对于螺旋模型，瀑布模型缺少,D,否,-,C1,瀑布模型
02333 软件工程 2013年10月,15,单选,C0,CMMI能力等级划分,CMMI能力等级中的第三级为,C,是,-,C0,CMMI 能力等级与成熟度等级
02333 软件工程 2013年10月,16,填空,C1,软件的定义（程序＋文档）,计算机软件一般是指程序及其_____,文档,否,-,C1,软件的定义与特点
02333 软件工程 2013年10月,17,填空,C1,软件开发的过程途径,映射涉及过程方向和_____两方面内容,过程途径,否,-,C1,软件开发的过程途径
02333 软件工程 2013年10月,18,填空,C2,需求发现技术（自悟）,需求人员把自己作为系统最终用户的技术,自悟,否,-,C2,需求发现技术（交谈/观察/自悟/提炼）
02333 软件工程 2013年10月,19,填空,C2,数据源与数据潭,数据流的归宿地是_____,数据潭,否,-,C2,数据流图（DFD）符号·分层与绘制
02333 软件工程 2013年10月,20,填空,C2,结构化设计的任务,结构化设计主要任务是在_____基础上确定_____,需求分析；怎么做,否,-,C2,总体（概要）设计的任务与步骤
02333 软件工程 2013年10月,21,填空,C3,UML图的分类（结构图与行为图）,UML图形化工具分为_____和_____,结构图；行为图,否,-,C2,变换型与事务型分析（SC 图设计）
02333 软件工程 2013年10月,22,填空,C3,UML交互图（顺序图）,用于创建系统交互模型的是_____,顺序图,否,-,C3,顺序图（时序图）与协作
02333 软件工程 2013年10月,23,填空,C3,RUP的四层模型,RUP定义了需求获取层、_____、设计层和实现层,分析层,否,-,C3,RUP 的工作流与四层结构
02333 软件工程 2013年10月,24,填空,C3,RUP用况驱动需求获取,RUP采用_____技术来获取需求,用况,否,-,C3,统一过程模型（RUP）概述
02333 软件工程 2013年10月,25,填空,C5,黑盒测试的依据,黑盒测试不考虑程序_____，依据的是_____,逻辑结构；软件行为的描述,否,-,C5,黑盒测试技术（分类·事务流）
02333 软件工程 2013年10月,26,填空,C2,内聚程度对测试的影响,提高模块内聚程度可简化_____测试,单元测试,否,归第2章模块化，存疑,C2,内聚类型与设计原则
02333 软件工程 2013年10月,27,填空,C5,集成测试的目标,集成测试目标及一般由何者作为测试驱动模块,接口；主控模块,否,-,C5,组装（集成）测试
02333 软件工程 2013年10月,28,填空,C0,ISO12207过程分类,12207按过程主体分为_____、支持过程和组织过程,基本过程,是,-,C0,ISO/IEC 12207 软件生存周期过程分类
02333 软件工程 2013年10月,29,填空,C0,CMMI的过程集成三支撑点,CMMI把受训人员、_____、_____进行集成,规程和方法；工具和设备,是,-,C0,CMMI 的三个源模型与集成思想
02333 软件工程 2013年10月,30,填空,C0,CMMI共用目标与制度化程度,CMMI共用目标编号越小制度化程度越_____,低,是,-,C0,CMMI 过程域、目标与最佳实践组织
02333 软件工程 2013年10月,31,简答,C2,需求发现技术,简述初始需求发现的常用技术,自悟；交谈；观察；小组会；提炼,否,-,C2,需求发现技术（交谈/观察/自悟/提炼）
02333 软件工程 2013年10月,32,简答,C2,模块的控制域与作用域,什么是控制域和作用域，比较3个结构图优劣,控制域＝自身及从属模块集合；作用域＝受判定影响的模块集合；作用域宜在控制域内,否,-,C2,模块结构图的深度·宽度·扇入扇出·作用域
02333 软件工程 2013年10月,33,简答,C3,用况与用况图的模型元素,什么是用况和用况图，包含哪些模型元素,用况是对一组动作序列的描述；用况图含主题、用况、参与者、关联、泛化、依赖,否,-,C3,用况图与用况建模
02333 软件工程 2013年10月,34,简答,C1,演化模型及与RUP的关系,简述演化模型及其与RUP迭代增量开发的关系,属迭代开发方法，针对需求不能完整定义；RUP是其迭代增量的过程框架,否,-,C1,演化模型
02333 软件工程 2013年10月,35,简答,C5,白盒测试技术要点,简述白盒测试技术的要点,又称结构测试；依逻辑结构选测试用例；控制流程图建模；四种覆盖标准,否,-,C5,白盒测试技术
02333 软件工程 2013年10月,36,简答,C1,螺旋模型及适用情况,简述螺旋模型以及可适应的情况,引入风险识别、分析与控制；项目分解为小项目；适用庞大复杂高风险系统,否,-,C1,螺旋模型
02333 软件工程 2013年10月,37,应用,C2,数据流图转换为软件结构图,论坛发帖系统：画DFD并转换为软件结构图,检查非法内容→存入文件；读文件→显示；按变换型映射,否,-,C2,数据流图（DFD）符号·分层与绘制
02333 软件工程 2013年10月,38,应用,C5,等价类划分用例设计,三角形问题用等价类划分法填表并编号,划分非三角形、不等边、等腰、等边等价类并编号,否,-,C5,等价类划分
02333 软件工程 2013年1月,1,单选,C1,系统建模的定义,运用知识通过抽象给出系统结构的过程是,系统建模,否,-,C1,系统建模的定义
02333 软件工程 2013年1月,2,单选,C2,需求的分类与设计约束,不属于设计约束的需求类别是,C,否,-,C2,需求的分类与基本性质
02333 软件工程 2013年1月,3,单选,C2,耦合类型判别,常见耦合类型中耦合程度最低的是,B,否,-,C2,耦合类型与设计原则
02333 软件工程 2013年1月,4,单选,C2,模块结构图的形态特征,设计很好的软件结构图通常呈近似形状,C,否,-,C2,变换型与事务型分析（SC 图设计）
02333 软件工程 2013年1月,5,单选,C2,详细设计工具的判别,下列用作详细设计的工具是,D,否,-,C2,详细设计工具与结构化程序设计
02333 软件工程 2013年1月,6,单选,C3,聚合关系的判别,UML中表达整体与部分关系的术语,D,否,-,C3,组合·聚合与整体-部分关系
02333 软件工程 2013年1月,7,单选,C3,UML图形工具的用途,用于动态结构模型的UML图形化工具,A,否,"答案A为用况图，与""功能建模""表述略有出入",C3,UML 的定义与图形工具分类
02333 软件工程 2013年1月,8,单选,C3,RUP测试活动的输入与输出,RUP测试活动输入测试用况时输出是,B,否,-,C3,RUP 的工作流与四层结构
02333 软件工程 2013年1月,9,单选,C5,白盒测试技术的判别,属于白盒测试技术的是,D,否,-,C5,白盒测试技术
02333 软件工程 2013年1月,10,单选,C5,边界值分析,以3500元和3501元作测试数据的方法,A,否,-,C5,边界值分析
02333 软件工程 2013年1月,11,单选,C5,单元测试的测试技术选择,单元测试往往采用,C,否,-,C5,单元测试（内容·依据·驱动桩）
02333 软件工程 2013年1月,12,单选,C1,螺旋模型的基本特征,相对螺旋模型演化模型缺少的环节,D,否,-,C1,螺旋模型
02333 软件工程 2013年1月,13,单选,C1,喷泉模型,支持面向对象技术的软件生存周期模型,A,否,-,C1,喷泉模型
02333 软件工程 2013年1月,14,单选,C0,ISO/IEC 12207 过程分类,12207中可归于基本过程的是,C,是,-,C0,ISO/IEC 12207 软件生存周期过程分类
02333 软件工程 2013年1月,15,单选,C0,CMMI成熟度等级划分,CMMI成熟度等级第四级是,B,是,-,C0,CMMI 能力等级与成熟度等级
02333 软件工程 2013年1月,16,简答,C2,需求规约的定义与作用,什么是需求规约及其作用,全部需求陈述的正式文档；技术合同书、管理控制点、设计起始点、验收测试基础,否,-,C2,需求规约的定义与作用
02333 软件工程 2013年1月,17,简答,C2,模块设计启发式规则,模块设计的启发式规则有哪些,改进结构提高独立性；规模适中；深度宽度扇出扇入适中；作用域在控制域内；接口简单,否,-,C2,模块、模块化与模块独立性
02333 软件工程 2013年1月,18,简答,C3,类与对象的概念,什么是类与对象及类在建模中的用途,类是具有相同属性操作关系语义的对象的描述；对象是类的实例；可模型化问题域概念,否,-,C3,类与对象的概念、构成与可见性
02333 软件工程 2013年1月,19,简答,C3,RUP与UML的关系,为什么RUP与UML一起才是方法学,UML给出术语与模型表达工具；RUP据此定义需求获取层、分析层、设计层、实现层及映射活动,否,-,C3,RUP 的定义与特点
02333 软件工程 2013年1月,20,简答,C5,软件测试与调试的区别,软件测试与软件调试的区别,测试证明程序员失败、有预知结果与计划、有规程；调试是推理过程、不可预知,否,-,C5,调试（排错）技术
02333 软件工程 2013年1月,21,简答,C1,演化模型的迭代增量特征,简述演化模型及其可适应情况,先开发核心系统投入运行以获取反馈，再迭代增量；适用于不能完整定义需求的项目,否,-,C1,增量模型
02333 软件工程 2013年1月,22,应用,C2,数据流图实例元素识别,根据银行存取款DFD完成填空,储户；审查单据、业务分类等加工；账目文件、现金账；合格存取单、存折等数据流,否,题干为DFD填空，需读图故归应用题,C2,数据流图（DFD）符号·分层与绘制
02333 软件工程 2013年1月,23,应用,C5,等价类划分的用例设计,用等价类划分法设计三角形判断测试用例,划分有效与无效等价类（正数、能否构成三角形、等边/等腰/不等边）并设计用例,否,-,C5,等价类划分
02333 软件工程 2013年1月,24,填空,C1,软件开发本质与基本途径,实现问题空间到解空间映射的基本途径是,问题建模,否,-,C1,软件开发的本质与基本途径
02333 软件工程 2013年1月,25,填空,C2,需求发现技术的风险,需求发现中可能被用户抵触的技术是,观察,否,-,C2,需求发现技术（交谈/观察/自悟/提炼）
02333 软件工程 2013年1月,26,填空,C2,需求阶段的主要任务,需求阶段任务含需求发现、需求分析和,需求验证,否,-,C2,需求阶段的主要任务
02333 软件工程 2013年1月,27,填空,C2,模块独立性与高内聚低耦合,精化设计基于高内聚低耦合提高模块的,独立性,否,-,C2,内聚类型与设计原则
02333 软件工程 2013年1月,28,填空,C2,模块扇入数与重用,重用率高的模块在结构图中扇入数较,大,否,-,C2,模块结构图的深度·宽度·扇入扇出·作用域
02333 软件工程 2013年1月,29,填空,C2,HIPO图的组成与应用,HIPO图应用的阶段及其组成部分,总体设计；H图,否,-,C2,详细设计工具与结构化程序设计
02333 软件工程 2013年1月,30,填空,C3,UML图形工具的分类,UML图形化工具分为哪两类,行为图；结构图,否,-,C3,UML 的定义与图形工具分类
02333 软件工程 2013年1月,31,填空,C3,状态图的作用,创建行为生存周期模型的UML工具,状态图,否,-,C3,状态图与状态建模
02333 软件工程 2013年1月,32,填空,C3,RUP的四层结构,RUP定义的层：需求获取层、分析层、设计层和,实现层,否,-,C3,RUP 的工作流与四层结构
02333 软件工程 2013年1月,33,填空,C3,RUP的用况驱动与体系结构中心,RUP以用况驱动、以何为中心迭代增量开发,体系结构,否,-,C3,统一过程模型（RUP）概述
02333 软件工程 2013年1月,34,填空,C5,事务流测试与黑盒技术,基于事务流的测试属何技术、不考虑什么,黑盒测试；内部结构,否,-,C5,黑盒测试技术（分类·事务流）
02333 软件工程 2013年1月,35,填空,C5,自顶向下集成测试的起点,自顶向下的集成测试从何处开始,主控模块,否,-,C5,组装（集成）测试
02333 软件工程 2013年1月,36,填空,C1,瀑布模型的过程特征,瀑布模型各阶段衔接顺序及成果传递,固定；输出,否,-,C1,瀑布模型
02333 软件工程 2013年1月,37,填空,C0,CMMI的基本思想（过程途径）,CMMI基于何思想集成三个支撑点,过程途径；工具和设备,是,-,C0,CMMI 过程域、目标与最佳实践组织
02333 软件工程 2013年1月,38,填空,C0,CMMI的两种过程改善路径,CMMI两种过程改善路径之一称能力等级另一称,成熟度等级,是,-,C0,CMMI 过程域、目标与最佳实践组织
02333 软件工程 2014年10月,1,单选,C1,系统模型分类：概念模型,"描述""系统是什么""的系统模型是",B,否,-,C1,概念模型与软件模型（模型分类）
02333 软件工程 2014年10月,2,单选,C2,需求发现技术的风险,需求发现技术中无法验证需求正确的是,D,否,-,C2,需求发现技术（交谈/观察/自悟/提炼）
02333 软件工程 2014年10月,3,单选,C2,性能需求的判别,30秒内产生年度销售税总额属何需求,B,否,-,C2,需求的分类与基本性质
02333 软件工程 2014年10月,4,单选,C2,详细设计工具的判别,被称为伪码的工具是,C,否,-,C2,详细设计工具与结构化程序设计
02333 软件工程 2014年10月,5,单选,C2,数据流图成分判别,"飞机票预定系统DFD中""4""表示的成分",C,否,原图缺失，按参考答案标注,C2,数据流图（DFD）符号·分层与绘制
02333 软件工程 2014年10月,6,单选,C2,耦合类型判别,耦合程度最强的类型是,A,否,-,C2,耦合类型与设计原则
02333 软件工程 2014年10月,7,单选,C2,内聚类型判别,内聚程度从高到低排列正确的是,D,否,-,C2,内聚类型与设计原则
02333 软件工程 2014年10月,8,单选,C2,模块扇出数的计算,题8图中扇出为1的模块是,A,否,原图缺失，按参考答案标注,C2,模块结构图的深度·宽度·扇入扇出·作用域
02333 软件工程 2014年10月,9,单选,C3,依赖关系的判别,"UML中""包含""是一种特殊的什么关系",C,否,-,C3,依赖关系
02333 软件工程 2014年10月,10,单选,C3,RUP实现活动的输入与输出,RUP实现活动输入设计类时输出为,B,否,-,C3,RUP 的工作流与四层结构
02333 软件工程 2014年10月,11,单选,C5,集成测试的目标,以发现与接口有关错误为目标的测试,D,否,-,C5,组装（集成）测试
02333 软件工程 2014年10月,12,单选,C0,ISO/IEC 12207 过程分类,12207中属于基本过程的是,C,是,-,C0,ISO/IEC 12207 软件生存周期过程分类
02333 软件工程 2014年10月,13,单选,C1,增量模型的特点与适用场合,增量模型是一种怎样的模型,B,否,-,C1,增量模型
02333 软件工程 2014年10月,14,单选,C1,螺旋模型的基本特征,"吸收软件工程""演化""概念的开发模型",D,否,-,C1,螺旋模型
02333 软件工程 2014年10月,15,单选,C0,CMMI能力等级划分,CMMI最高能力等级是,A,是,-,C0,CMMI 能力等级与成熟度等级
02333 软件工程 2014年10月,16,填空,C1,软件工程概念的提出背景,软件工程概念的提出旨在解决当时出现的,软件危机,否,-,C1,软件工程的定义、研究领域与发展
02333 软件工程 2014年10月,17,填空,C2,需求规约的作用,创建产品验收测试计划和用户指南的基础,需求规约,否,-,C2,需求规约的定义与作用
02333 软件工程 2014年10月,18,填空,C2,结构化分析方法的基本手段,结构化分析方法采用的两个基本手段,抽象和分解,否,-,C2,结构化分析方法与建模步骤
02333 软件工程 2014年10月,19,填空,C2,模块独立性与高内聚低耦合,模块结构精化设计的目标原则,高内聚低耦合,否,-,C2,内聚类型与设计原则
02333 软件工程 2014年10月,20,填空,C3,泛化关系的判别,手机与小米1手机之间的关系,泛化,否,-,C3,泛化关系（含义·约束·判别）
02333 软件工程 2014年10月,21,填空,C3,RUP的用况驱动与体系结构中心,RUP以何为中心进行迭代增量式开发,体系结构,否,-,C3,统一过程模型（RUP）概述
02333 软件工程 2014年10月,22,填空,C5,软件测试的目标,软件测试的首要目标,预防错误,否,-,C5,软件测试的目的、原则与对象
02333 软件工程 2014年10月,23,填空,C5,集成测试的目标,集成测试的目标是为了发现,与接口有关的错误,否,-,C5,组装（集成）测试
02333 软件工程 2014年10月,24,填空,C0,ISO/IEC 12207 过程分类,12207按主体分为基本过程、支持过程和,组织过程,是,-,C0,ISO/IEC 12207 软件生存周期过程分类
02333 软件工程 2014年10月,25,填空,C0,CMMI能力等级个数,CMMI对每个过程域设定的能力等级数,6个,是,-,C0,CMMI 能力等级与成熟度等级
02333 软件工程 2014年10月,26,简答,C1,系统模型的定义与分类,系统模型定义及软件开发涉及的系统模型分类,模型是待建系统的抽象；分概念模型和软件模型，软件模型又分设计、实现、部署模型,否,-,C1,概念模型与软件模型（模型分类）
02333 软件工程 2014年10月,27,简答,C2,需求规约的基本性质,需求规约的定义及其需满足的基本性质,重要性和稳定性程度、可修改性、完整性、一致性,否,-,C2,需求规约的基本性质
02333 软件工程 2014年10月,28,简答,C2,总体设计的任务与步骤,结构化方法总体设计的任务、步骤和模式,把功能需求分配到软件体系结构；由DFD导出初始结构图再精化；变换设计与事务设计,否,-,C2,总体（概要）设计的任务与步骤
02333 软件工程 2014年10月,29,简答,C3,用况图的构成与关系,用况图的构成成分及用况之间的关系,主题、用况、参与者、关联、泛化、依赖；用况间有泛化、扩展、包含,否,-,C3,用况图与用况建模
02333 软件工程 2014年10月,30,简答,C1,演化模型的迭代增量特征,简述演化模型及其适用场合,先开发核心系统获取反馈，再迭代增量；显式把需求获取扩展到需求阶段,否,-,C1,增量模型
02333 软件工程 2014年10月,31,简答,C0,CMMI的基本思想（过程途径）,简述CMMI提出所基于的基本思想,基于过程途径思想，集成受训人员、规程与方法、工具与设备；围绕开发维护运行汇集最佳实践,是,-,C0,CMMI 过程域、目标与最佳实践组织
02333 软件工程 2014年10月,32,应用,C3,用况图建模（实例绘制）,为自动饮料售货机系统画出用况图,参与者：顾客、供应商、收银员；用况：买饮料、添加饮料、收钱、打开与关闭机器,否,"原卷答案仅有""答：""无内容",C3,用况图与用况建模
02333 软件工程 2014年10月,33,应用,C5,条件覆盖与路径覆盖用例设计,按流程图给出条件覆盖与路径覆盖用例,条件覆盖：每个判定中条件取值至少执行一次；路径覆盖：执行所有可能路径,否,原流程图缺失，仅能给出定义要点,C5,逻辑覆盖与测试覆盖强弱
02333 软件工程 2014年4月,1,单选,C1,系统模型分类：概念模型,能标识系统要解决问题的模型是,C,否,-,C1,概念模型与软件模型（模型分类）
02333 软件工程 2014年4月,2,单选,C2,需求发现技术的风险,需求发现中可能导致超出成本进度限制的,B,否,-,C2,需求发现技术（交谈/观察/自悟/提炼）
02333 软件工程 2014年4月,3,单选,C2,功能需求的判别,应能产生销售报表属于何种需求,A,否,-,C2,需求的分类与基本性质
02333 软件工程 2014年4月,4,单选,C2,详细设计工具的判别,盒图是指哪种工具,D,否,-,C2,详细设计工具与结构化程序设计
02333 软件工程 2014年4月,5,单选,C2,数据流图成分判别,"飞机票预定DFD中""旅客""表示的成分",D,否,原图缺失，按参考答案标注,C2,数据流图（DFD）符号·分层与绘制
02333 软件工程 2014年4月,6,单选,C2,耦合类型判别,耦合度最弱的类型是,B,否,-,C2,耦合类型与设计原则
02333 软件工程 2014年4月,7,单选,C2,内聚类型判别,内聚关联程度从低到高排列正确的是,A,否,-,C2,内聚类型与设计原则
02333 软件工程 2014年4月,8,单选,C2,模块扇出数的计算,题8图中扇出为3的模块是,C,否,原图缺失，按参考答案标注,C2,模块结构图的深度·宽度·扇入扇出·作用域
02333 软件工程 2014年4月,9,单选,C3,依赖关系的判别,UML中关联是一类特定的什么关系,C,否,-,C3,依赖关系
02333 软件工程 2014年4月,10,单选,C3,RUP测试活动的输入与输出,RUP测试活动输入测试用况等时输出为,D,否,-,C3,RUP 的工作流与四层结构
02333 软件工程 2014年4月,11,单选,C5,有效性测试的目标,确定软件功能是否与需求规格说明书一致,B,否,-,C5,确认测试与有效性测试
02333 软件工程 2014年4月,12,单选,C0,ISO/IEC 12207 过程分类,12207中属于组织过程的是,D,是,-,C0,ISO/IEC 12207 软件生存周期过程分类
02333 软件工程 2014年4月,13,单选,C1,瀑布模型的适用场合,瀑布模型适用于哪类项目,A,否,-,C1,瀑布模型
02333 软件工程 2014年4月,14,单选,C1,增量模型的特点与适用场合,可减少用户需求变更的软件生存周期模型,B,否,-,C1,增量模型
02333 软件工程 2014年4月,15,单选,C0,CMMI能力等级划分,CMMI能力等级中的第2级是,D,是,-,C0,CMMI 能力等级与成熟度等级
02333 软件工程 2014年4月,16,填空,C1,软件开发的思想基础,从事软件开发实践和项目管理的思想基础,正确认识软件开发,否,-,C1,软件开发的本质与基本途径
02333 软件工程 2014年4月,17,填空,C2,需求规约的技术核心,需求规约的技术核心是,特定需求,否,-,C2,需求规约的表达风格与文档结构
02333 软件工程 2014年4月,18,填空,C2,总体设计的阶段划分,总体设计第一阶段是,初始设计,否,-,C2,总体（概要）设计的任务与步骤
02333 软件工程 2014年4月,19,填空,C2,结构化程序设计控制结构,最基本的两种控制结构,顺序结构；循环结构,否,-,C2,详细设计工具与结构化程序设计
02333 软件工程 2014年4月,20,填空,C3,UML的定位（建模语言）,UML是一种可视化的什么,建模语言,否,-,C3,UML 的定义与图形工具分类
02333 软件工程 2014年4月,21,填空,C3,RUP的迭代增量式开发,RUP迭代增量式开发是哪一模型的变体,演化,否,-,C1,增量模型
02333 软件工程 2014年4月,22,填空,C5,软件测试的目标,软件测试的第二目标,发现错误,否,-,C5,软件测试的目的、原则与对象
02333 软件工程 2014年4月,23,填空,C2,模块独立性与高内聚低耦合,提高模块的内聚程度可简化,单元测试,否,"参考答案为""单元测试""",C2,内聚类型与设计原则
02333 软件工程 2014年4月,24,填空,C7,软件过程管理的内容,过程管理包括过程建立、什么和过程改进,过程评估,否,-,C1,软件过程与生存周期阶段
02333 软件工程 2014年4月,25,填空,C0,CMMI成熟度等级个数,适用于组织过程改善的成熟度等级个数,5个,是,-,C0,CMMI 能力等级与成熟度等级
02333 软件工程 2014年4月,26,简答,C1,软件工程的概念与发展,简述软件工程的概念与发展,软件工程定义；发展分20世纪60年代末至80年代初与80年代以来两个时期,否,-,C1,软件工程的定义、研究领域与发展
02333 软件工程 2014年4月,27,简答,C2,需求的概念与基本性质,简述需求的概念和基本性质,"需求是有关""要子构造""的陈述；必要性、无歧义性、可测性、可跟踪性、可测量性",否,"原卷""要子构造""疑为""要建立的构造""OCR残缺",C2,需求的分类与基本性质
02333 软件工程 2014年4月,28,简答,C2,结构化分析建模工具与过程,结构化分析建立功能模型的工具和过程,DFD；建立环境图确定语境、自顶向下逐步求精建层次DFD、定义数据字典、描述加工,否,-,C2,结构化分析方法与建模步骤
02333 软件工程 2014年4月,29,简答,C3,顺序图的概念与作用,顺序图的概念、构成和主要作用,是交互图；由对象及按时序组织的关系与消息构成；可创建交互模型表达对象协作,否,-,C3,顺序图（时序图）与协作
02333 软件工程 2014年4月,30,简答,C1,增量模型的优缺点,简述增量模型的优缺点,优点：首版交付快成本少、减少需求变更、允许增量投资；缺点：增量不稳定、管理成本增大,否,-,C1,增量模型
02333 软件工程 2014年4月,31,简答,C0,CMMI的两种过程改善路径,CMMI模型支持的两种过程改善路径,能力等级（针对单一过程域）与成熟度等级（针对一组过程域）,是,-,C0,CMMI 过程域、目标与最佳实践组织
02333 软件工程 2014年4月,32,应用,C3,用况图建模（实例绘制）,为家教管理系统画出用况图,参与者：家教老师、家教学生、管理员；用况：注册、修改资料、浏览搜索信息、登录、登记发布处理信息,否,"原卷答案仅有""答：""无内容",C3,用况图与用况建模
02333 软件工程 2014年4月,33,应用,C5,语句覆盖与路径覆盖用例设计,按流程图给出语句覆盖与路径覆盖用例,语句覆盖：每条语句至少执行一次；路径覆盖：所有可能路径；给出用例及执行路径,否,原流程图缺失，仅能给出定义要点,C5,逻辑覆盖与测试覆盖强弱
02333 软件工程 2015年10月,1,单选,C1,软件危机的概念,软件生产率质量满足不了社会需求的现象,A,否,-,C1,软件危机（含义·表现·成因）
02333 软件工程 2015年10月,2,单选,C2,需求规约的概念,能表达软件产品概念模型的规约是,B,否,-,C2,需求规约的定义与作用
02333 软件工程 2015年10月,3,单选,C2,自悟技术的含义,把需求人员作为最终用户审视系统的技术,A,否,-,C2,自悟技术的含义
02333 软件工程 2015年10月,4,单选,C2,加工的含义,结构化分析方法中数据的变换单元,D,否,-,C2,加工小说明与加工的描述工具
02333 软件工程 2015年10月,5,单选,C2,耦合类型判别,模块A向B、C传递公共参数时B与C的关系,C,否,-,C2,耦合类型与设计原则
02333 软件工程 2015年10月,6,单选,C2,模块结构图的深度与宽度,能粗略标志系统规模与复杂程度的是,B,否,-,C2,模块结构图的深度·宽度·扇入扇出·作用域
02333 软件工程 2015年10月,7,单选,C3,聚合关系的判别,学生可在多所学校注册学习的关联关系,D,否,-,C3,组合·聚合与整体-部分关系
02333 软件工程 2015年10月,8,单选,C3,泛化关系的判别,关于两个类具有泛化关系的正确说法,A,否,-,C3,泛化关系（含义·约束·判别）
02333 软件工程 2015年10月,9,单选,C3,RUP的用况驱动与体系结构中心,属于RUP突出特点的是,A,否,-,C3,统一过程模型（RUP）概述
02333 软件工程 2015年10月,10,单选,C5,软件测试的目的与原则,关于软件测试的错误说法,C,否,-,C5,软件测试的目的、原则与对象
02333 软件工程 2015年10月,11,单选,C5,等价类划分的用例设计,年龄输入16—40的等价类划分,B,否,-,C5,等价类划分
02333 软件工程 2015年10月,12,单选,C5,单元测试的内容（模块接口）,单元测试期间通常首先考虑模块的,A,否,-,C5,单元测试（内容·依据·驱动桩）
02333 软件工程 2015年10月,13,单选,C0,ISO/IEC 12207 过程分类,软件基本过程包括获取、供应、开发、运行和,D,是,-,C0,ISO/IEC 12207 软件生存周期过程分类
02333 软件工程 2015年10月,14,单选,C1,瀑布模型的适用场合,适用于需求明确或很少变更项目的模型,A,否,-,C1,瀑布模型
02333 软件工程 2015年10月,15,单选,C0,CMMI能力等级划分,CMMI能力等级中的Ⅰ级是,C,是,-,C0,CMMI 能力等级与成熟度等级
02333 软件工程 2015年10月,16,填空,C1,软件开发的思想基础,从事软件开发实践和项目管理的思想基础,正确认识软件开发,否,-,C1,软件开发的本质与基本途径
02333 软件工程 2015年10月,17,填空,C2,需求的分类,需求分为功能需求和什么，后者含哪些,非功能需求；性能需求,否,-,C2,需求的分类
02333 软件工程 2015年10月,18,填空,C2,需求规约的基本性质,需求规约基本性质之一,可修改的,否,-,C2,需求规约的基本性质
02333 软件工程 2015年10月,19,填空,C2,加工的描述工具,与判定表、判定树并列的描述加工工具,可采用结构化自然语言,否,-,C2,加工小说明与加工的描述工具
02333 软件工程 2015年10月,20,填空,C2,内聚类型判别,处理成分需按特定次序执行的内聚类型,过程内聚,否,-,C2,内聚类型与设计原则
02333 软件工程 2015年10月,21,填空,C2,模块的作用域,受模块内一个判定影响的所有模块集合,作用域,否,-,C2,模块结构图的深度·宽度·扇入扇出·作用域
02333 软件工程 2015年10月,22,填空,C2,详细设计工具的判别,常用的详细设计工具之一,程序流程图,否,-,C2,详细设计工具与结构化程序设计
02333 软件工程 2015年10月,23,填空,C3,用况图的作用,UML中可表达系统功能模型的图形工具,用况图,否,-,C3,用况图与用况建模
02333 软件工程 2015年10月,24,填空,C3,RUP的四层结构,RUP定义的需求获取层、系统分析层、设计层和,实现层,否,"题干两空，参考答案对应""需求获取层""与""实现层""",C3,RUP 的工作流与四层结构
02333 软件工程 2015年10月,25,填空,C5,软件测试的过程,软件测试过程包括什么、测试执行等,测试设计,否,-,C5,软件测试综合
02333 软件工程 2015年10月,26,填空,C5,软件测试序列,测试序列：单元测试、什么、有效性测试和系统测试,集成测试,否,"参考答案OCR作""集成设计""",C5,软件测试的步骤与过程
02333 软件工程 2015年10月,27,填空,C0,ISO/IEC 12207 过程分类,12207按主体分为基本过程、支持过程和,组织过程,是,-,C0,ISO/IEC 12207 软件生存周期过程分类
02333 软件工程 2015年10月,28,填空,C7,项目管理计划（SEMP）,项目管理计划的主体及重要计划有哪些,过程管理计划（软件工程管理计划/SEMP）；配置、质量保证、验证确认、度量计划,否,-,C7,软件项目管理的内容与计划
02333 软件工程 2015年10月,29,填空,C0,CMMI集成的三个模型,针对开发的CMMI集成了哪三个模型,软件CMM；系统工程CMM；集成产品开发CMM,是,-,C0,CMMI 的三个源模型与集成思想
02333 软件工程 2015年10月,30,填空,C0,CMMI成熟度等级的含义,达到一组过程域所有目标的改善等级称为,成熟度等级,是,-,C0,CMMI 能力等级与成熟度等级
02333 软件工程 2015年10月,31,填空,C0,CMMI的基本思想（过程途径）,CMMI三个支撑点：受训人员、什么和方法,规程,是,-,C0,CMMI 过程域、目标与最佳实践组织
02333 软件工程 2015年10月,32,简答,C1,软件开发本质与基本途径,简述软件开发的本质以及基本途径,实现问题空间到解空间概念与处理逻辑的映射；基本途径是系统建模,否,-,C1,软件开发的本质与基本途径
02333 软件工程 2015年10月,33,简答,C2,需求的概念与基本性质,简述需求的基本性质,必要的、无歧义的、可测（试）的、可跟踪的、可测量的,否,-,C2,需求的分类与基本性质
02333 软件工程 2015年10月,34,简答,C2,模块设计启发式规则,简述结构化设计中的启发式规则,改进结构提高独立性；规模适中；深度宽度扇出扇入适中；作用域在控制域内；接口简单,否,-,C2,模块、模块化与模块独立性
02333 软件工程 2015年10月,35,简答,C3,UML的定位（建模语言）,为何说UML是建模语言而非方法学,方法学需三方面内容；UML只含抽象层术语与模型表达工具，缺模型映射的过程指导,否,-,C3,UML 的定义与图形工具分类
02333 软件工程 2015年10月,36,简答,C3,RUP的迭代增量式开发,RUP迭代增量式开发概念及其开发阶段,通过开发活动迭代不断产生增量；初始、精化、构造、移交四个阶段,否,-,C1,增量模型
02333 软件工程 2015年10月,37,简答,C5,控制流程图的概念与元素,控制流程图概念、基本元素及与程序流程图差异,表示程序控制结构的图形化工具；元素有过程块、节点、判定；不显示过程块细节,否,-,C5,控制流程图的概念与元素
02333 软件工程 2015年4月,1,单选,C1,软件模型分类,下列不属于软件模型的是,A,否,-,C1,概念模型与软件模型（模型分类）
02333 软件工程 2015年4月,2,单选,C2,需求发现技术的风险,存在的风险与自悟方法一样的需求发现技术,C,否,-,C2,需求发现技术（交谈/观察/自悟/提炼）
02333 软件工程 2015年4月,3,单选,C2,需求分类（功能/性能/设计约束/外部接口）,兼顾国际税法和国内税法属于哪类需求,C,否,-,C2,需求的分类与基本性质
02333 软件工程 2015年4月,4,单选,C2,总体设计工具（模块结构图/层次图/HIPO图）,结构化方法中可作为总体设计工具的是,D,否,-,C2,变换型与事务型分析（SC 图设计）
02333 软件工程 2015年4月,5,单选,C2,DFD基本术语,题5图数据流图中2表示的基本术语,A,否,题5图缺失，据参考答案判定,C2,数据流图（DFD）符号·分层与绘制
02333 软件工程 2015年4月,6,单选,C2,耦合类型判别,保证模块只完成一个功能可减少哪种耦合,B,否,-,C2,耦合类型与设计原则
02333 软件工程 2015年4月,7,单选,C2,内聚类型判别,修改时发生错误概率最高的内聚类型,B,否,-,C2,内聚类型与设计原则
02333 软件工程 2015年4月,8,单选,C2,模块的扇入与扇出,题8图中模块G的扇入和扇出分别是,D,否,题8图缺失，据参考答案判定,C2,模块结构图的深度·宽度·扇入扇出·作用域
02333 软件工程 2015年4月,9,单选,C3,UML图与交互建模,UML支持系统交互建模的图形工具,D,否,-,C3,UML 的定义与图形工具分类
02333 软件工程 2015年4月,10,单选,C3,RUP分析类,不属于RUP分析类的是,A,否,-,C3,分析类（边界类·实体类·控制类）
02333 软件工程 2015年4月,11,单选,C5,逻辑覆盖强弱关系,测试覆盖率最低的覆盖标准,B,否,-,C5,逻辑覆盖与测试覆盖强弱
02333 软件工程 2015年4月,12,单选,C5,边界值分析,输入范围-100≤X≤100的测试用例设计方法,C,否,-,C5,边界值分析
02333 软件工程 2015年4月,13,单选,C1,螺旋模型的风险分析,演化模型相比螺旋模型主要缺少什么,B,否,-,C1,螺旋模型
02333 软件工程 2015年4月,14,单选,C1,生存周期模型对需求变化的适应性,不适应变化需求的软件开发模型,D,否,-,C1,软件过程与生存周期阶段
02333 软件工程 2015年4月,15,单选,C0,CMMI能力等级划分,CMMI能力等级中最低等级,C,是,-,C0,CMMI 能力等级与成熟度等级
02333 软件工程 2015年4月,16,填空,C1,软件的定义（程序与文档）,计算机软件是指计算机系统中的程序及其____,文档,否,-,C1,软件的定义与特点
02333 软件工程 2015年4月,17,填空,C2,需求分类（功能/性能/设计约束/外部接口）,整个需求的主体是____,功能需求,否,-,C2,需求的分类与基本性质
02333 软件工程 2015年4月,18,填空,C2,结构化分析的表达工具,结构化分析方法表达功能模型的工具是____,数据流图（DFD）,否,-,C2,结构化分析方法与建模步骤
02333 软件工程 2015年4月,19,填空,C3,构件图与部署图的基础,构件图和部署图的基础是____,类图,否,-,C3,构件图与部署图
02333 软件工程 2015年4月,20,填空,C3,RUP的需求获取,RUP采用____技术获取需求,用况（用例）,否,-,C3,面向对象需求分析（OOA）与建模步骤
02333 软件工程 2015年4月,21,填空,C5,白盒测试技术,典型的白盒测试技术是____,路径测试,否,-,C5,白盒测试技术
02333 软件工程 2015年4月,22,填空,C5,测试技术分类（黑盒/白盒）,基于事务流的测试属于____测试技术,黑盒（功能测试）,否,-,C5,测试技术分类（黑盒/白盒）
02333 软件工程 2015年4月,23,填空,C7,软件过程管理,过程管理包括____、过程评估和过程改进,过程建立,否,-,C1,软件过程与生存周期阶段
02333 软件工程 2015年4月,24,填空,C0,CMMI模型的思想基础,CMMI模型基于____思想,过程途径,是,-,C0,CMMI 过程域、目标与最佳实践组织
02333 软件工程 2015年4月,25,填空,C2,总体设计三阶段,总体设计分为初始设计、精化设计和____,复审阶段,否,-,C2,总体（概要）设计的任务与步骤
02333 软件工程 2015年4月,26,简答,C1,软件开发的本质,简述软件开发的本质,软件开发是不同抽象层术语之间以及处理逻辑之间的映射,否,-,C1,软件开发的本质与基本途径
02333 软件工程 2015年4月,27,简答,C2,需求发现技术,简述常用的初始需求发现技术,自悟；交谈；观察；小组会；提炼,否,-,C2,需求发现技术（交谈/观察/自悟/提炼）
02333 软件工程 2015年4月,28,简答,C2,变换设计与事务设计的区别,简述变换设计与事务设计的区别及联系,变换设计对应变换型DFD，事务设计对应事务型DFD；以变换设计为主、事务设计为辅,否,-,C2,变换型与事务型分析（SC 图设计）
02333 软件工程 2015年4月,29,简答,C3,UML关系术语,UML表达关系的基本术语及其含义,关联；泛化；细化；依赖,否,-,C3,UML 关系术语（关联/泛化/依赖）
02333 软件工程 2015年4月,30,简答,C2,验证与确认的定义与区别,简述验证和确认的定义、作用和区别,验证证实规约需求是否得以满足；确认证实特定期望使用需求是否得以满足,否,-,C2,验证与确认的定义与区别
02333 软件工程 2015年4月,31,简答,C0,CMMI成熟度等级划分,简述CMMI成熟度等级的概念、划分和组成,5级：初始/已管理/已定义/已定量管理/持续优化；由过程域及其实践组成,是,-,C0,CMMI 能力等级与成熟度等级
02333 软件工程 2016年10月,1,单选,C1,软件模型分类,软件系统模型大体可分为软件模型和什么,A,否,-,C1,概念模型与软件模型（模型分类）
02333 软件工程 2016年10月,2,单选,C2,需求分类（功能/性能/设计约束/外部接口）,属于性能需求范畴的描述,B,否,-,C2,需求的分类与基本性质
02333 软件工程 2016年10月,3,单选,C2,需求规约的基本性质,属于需求规约基本性质的是,D,否,-,C2,需求规约的基本性质
02333 软件工程 2016年10月,4,单选,C2,加工小说明的表达工具,可用以描述加工的工具,C,否,-,C2,加工小说明与加工的描述工具
02333 软件工程 2016年10月,5,单选,C2,耦合类型判别,模块A直接修改或操作模块B数据属哪种耦合,A,否,-,C2,耦合类型与设计原则
02333 软件工程 2016年10月,6,单选,C2,控制域与作用域,受模块内一个判定所影响的所有模块集合,B,否,-,C2,模块结构图的深度·宽度·扇入扇出·作用域
02333 软件工程 2016年10月,7,单选,C3,面向对象方法学的形成与里程碑,面向对象技术发展中的一个重要里程碑,A,否,-,C3,面向对象方法学的形成与思想
02333 软件工程 2016年10月,8,单选,C3,UML类图的作用,可视化表达系统静态结构模型的工具,D,否,-,C3,类图与类的建模
02333 软件工程 2016年10月,9,单选,C3,RUP活动与工作流,RUP实现活动输入为构件和接口时的输出,D,否,-,C3,RUP 的工作流与四层结构
02333 软件工程 2016年10月,10,单选,C5,软件测试的性质与原则,关于软件测试说法正确的是,C,否,-,C5,软件测试的目的、原则与对象
02333 软件工程 2016年10月,11,单选,C5,等价类划分,发帖数输入范围0—20的等价类划分,B,否,-,C5,等价类划分
02333 软件工程 2016年10月,12,单选,C5,集成测试的驱动模块,集成测试以主控模块作为什么,A,否,-,C5,单元测试（内容·依据·驱动桩）
02333 软件工程 2016年10月,13,单选,C0,ISO/IEC 12207基本过程,软件基本过程包括获取、开发、运行、维护和什么,D,是,-,C0,ISO/IEC 12207 软件生存周期过程分类
02333 软件工程 2016年10月,14,单选,C1,增量模型特点,发布可交付版本快、减少需求变更的模型,A,否,-,C1,增量模型
02333 软件工程 2016年10月,15,单选,C0,CMMI成熟度等级划分,CMMI成熟度等级中的第四级,C,是,-,C0,CMMI 能力等级与成熟度等级
02333 软件工程 2016年10月,16,填空,C1,软件工程概念与软件危机,提出软件工程概念倡导以工程原理、原则和____开发软件,原则,否,-,C1,软件危机（含义·表现·成因）
02333 软件工程 2016年10月,17,填空,C2,单个需求的基本性质,一个需求必须具有的基本性质：____、无歧义、可测、可跟踪,必要的；可测量的,否,-,C2,单个需求的基本性质
02333 软件工程 2016年10月,18,填空,C2,需求规约的分类,基于自然语言编制的需求规约称为____需求规约,非形式化,否,-,C2,需求规约的表达风格与文档结构
02333 软件工程 2016年10月,19,填空,C2,DFD基本术语,结构化分析方法中数据的变换单元称为____,加工,否,-,C2,数据流图（DFD）符号·分层与绘制
02333 软件工程 2016年10月,20,填空,C2,模块化与高内聚低耦合,模块化是指按照____的设计原则形成模块结构,高内聚低耦合,否,-,C2,内聚类型与设计原则
02333 软件工程 2016年10月,21,填空,C2,模块的深度与宽度,能粗略标志系统规模和复杂程度的是模块的____,深度,否,-,C2,模块结构图的深度·宽度·扇入扇出·作用域
02333 软件工程 2016年10月,22,填空,C2,结构化程序设计的基本控制结构,结构化程序设计包括____、选择结构和循环结构,顺序结构,否,-,C2,详细设计工具与结构化程序设计
02333 软件工程 2016年10月,23,填空,C3,关联的导航性,通过____可找到与之关联的另一个类目,导航,否,-,C3,关联、多重性与限定符
02333 软件工程 2016年10月,24,填空,C3,RUP的特点（用况驱动）,RUP是以____为驱动的迭代增量式开发,用况（用例）,否,-,C3,统一过程模型（RUP）概述
02333 软件工程 2016年10月,25,填空,C5,软件测试的实施序列,合理测试序列：____、集成测试、有效性测试和系统测试,单元测试,否,-,C5,软件测试综合
02333 软件工程 2016年10月,26,填空,C5,软件测试过程,软件测试过程包括测试设计、____及测试结果比较,测试执行,否,-,C5,软件测试的步骤与过程
02333 软件工程 2016年10月,27,填空,C1,瀑布模型的开发阶段,瀑布模型规定阶段：……设计、____、测试和运行,编码,否,-,C1,瀑布模型
02333 软件工程 2016年10月,28,填空,C7,项目管理计划与支持计划,项目管理计划的主体是____,软件度量计划,否,题干OCR串入答案，主体应为过程管理计划，末空填软件度量计划,C7,软件项目管理的内容与计划
02333 软件工程 2016年10月,29,填空,C0,CMMI软件质量的支撑点,CMMI通过过程集成受训人员、规程和方法、____和____,工具；设备,是,-,C0,CMMI 过程域、目标与最佳实践组织
02333 软件工程 2016年10月,30,填空,C0,CMMI成熟度等级概念,达到一组过程域所有目标的过程改善等级称为____,成熟度等级,是,-,C0,CMMI 能力等级与成熟度等级
02333 软件工程 2016年10月,31,填空,C0,CMMI的源模型,CMMI集成的3个源模型,软件CMM；系统工程CMM,是,-,C0,CMMI 的三个源模型与集成思想
02333 软件工程 2016年10月,32,简答,C1,软件的定义与软件危机,简述软件以及软件危机,软件是程序及其文档；软件生产率与质量不能满足需求的现象即软件危机,否,-,C1,软件危机（含义·表现·成因）
02333 软件工程 2016年10月,33,简答,C2,需求规约的作用,简述需求规约在项目开发中的基本作用,用户与开发组织的技术合同书；管理控制点；设计的受控起始点；验收测试与用户指南的基础,否,-,C2,需求规约的定义与作用
02333 软件工程 2016年10月,34,简答,C2,总体设计的步骤,针对变换型和事务型DFD简述总体设计步骤,先分输入/中心变换/输出设计上层模块，再按高内聚低耦合精化；以变换设计为主,否,-,C2,总体（概要）设计的任务与步骤
02333 软件工程 2016年10月,35,简答,C3,UML关系术语,简述关联、泛化、细化和依赖的概念及前三者与依赖的关系,关联、泛化、细化、依赖的含义；关联、泛化和细化都是一类特定的依赖,否,-,C3,UML 关系术语（关联/泛化/依赖）
02333 软件工程 2016年10月,36,简答,C3,RUP与UML的关系,简述RUP和UML之间的关系,二者构成特定软件开发方法学；UML给出术语与建模工具；RUP定义各层模型及层间映射,否,-,C3,RUP 的定义与特点
02333 软件工程 2016年10月,37,简答,C1,生存周期过程/模型/过程管理关系,简述软件生存周期过程、模型、项目过程管理之间的关系,过程回答做什么；模型回答如何组织；过程管理回答如何管理；过程是基础,否,-,C1,软件过程与生存周期阶段
02333 软件工程 2016年10月,38,应用,C3,用况图建模,邮件系统：写出用况与角色并画出用况图,用况：发邮件、收邮件、检查新邮件；角色：用户（A、B）、时间,否,原卷用况图缺失,C3,用况图与用况建模
02333 软件工程 2016年10月,39,应用,C5,逻辑覆盖测试用例设计,对程序流程图找出满足5种覆盖标准的最少测试用例,语句覆盖⑤；分支覆盖⑤；条件覆盖④；条件组合覆盖⑨；路径覆盖⑤,否,题39图缺失，仅存参考答案,C5,逻辑覆盖与测试覆盖强弱
02333 软件工程 2016年4月,1,单选,C1,软件工程概念与软件危机,提出软件工程概念要解决的软件问题,B,否,-,C1,软件危机（含义·表现·成因）
02333 软件工程 2016年4月,2,单选,C2,需求的定义,描述待开发产品功能能力与性能参数的性质,B,否,-,C2,需求的分类与基本性质
02333 软件工程 2016年4月,3,单选,C2,需求发现技术,通过提出问题/用户回答直接询问用户的技术,C,否,-,C2,需求发现技术（交谈/观察/自悟/提炼）
02333 软件工程 2016年4月,4,单选,C2,DFD基本术语,在结构化分析方法中数据流的归宿地,A,否,-,C2,数据流图（DFD）符号·分层与绘制
02333 软件工程 2016年4月,5,单选,C2,耦合类型判别,模块间通过参数传递数据属哪种耦合,D,否,-,C2,耦合类型与设计原则
02333 软件工程 2016年4月,6,单选,C2,模块的深度与宽度,同一层次上模块总数的最大值,A,否,-,C2,模块结构图的深度·宽度·扇入扇出·作用域
02333 软件工程 2016年4月,7,单选,C3,UML用况图的作用,UML中表达系统功能模型的图形化工具,A,否,-,C3,用况图与用况建模
02333 软件工程 2016年4月,8,单选,C3,UML图的分类,UML图形化工具分为结构图和什么,C,否,-,C3,UML 的定义与图形工具分类
02333 软件工程 2016年4月,9,单选,C3,RUP的特点（用况驱动）,RUP的突出特点,B,否,-,C3,统一过程模型（RUP）概述
02333 软件工程 2016年4月,10,单选,C5,调试的特点与方法,关于调试说法错误的是,D,否,"答案存疑：A""为了证明程序员的正确""亦属错误说法",C5,调试（排错）技术
02333 软件工程 2016年4月,11,单选,C5,等价类划分,成绩输入范围0—100的等价类划分,B,否,-,C5,等价类划分
02333 软件工程 2016年4月,12,单选,C5,单元测试的内容,单元测试期间通常考虑模块的什么,A,否,-,C5,单元测试（内容·依据·驱动桩）
02333 软件工程 2016年4月,13,单选,C0,ISO/IEC 12207基本过程,软件基本过程包括获取、供应、开发、维护和什么,D,是,-,C0,ISO/IEC 12207 软件生存周期过程分类
02333 软件工程 2016年4月,14,单选,C1,增量模型特点,适用于发布版本快、减少需求变更的模型,A,否,-,C1,增量模型
02333 软件工程 2016年4月,15,单选,C0,CMMI能力等级划分,CMMI能力等级中的第2级,C,是,-,C0,CMMI 能力等级与成熟度等级
02333 软件工程 2016年4月,16,填空,C1,软件的定义（程序与文档）,计算机软件是指计算机系统中的____及其文档,程序,否,-,C1,软件的定义与特点
02333 软件工程 2016年4月,17,填空,C2,单个需求的基本性质,一个需求的基本性质：必要的、____、可测试、可跟踪、可测量,无歧义的,否,-,C2,单个需求的基本性质
02333 软件工程 2016年4月,18,填空,C2,需求规约的基本性质,需求规约基本性质：重要性和稳定性、可修改、完整和____,一致的,否,-,C2,需求规约的基本性质
02333 软件工程 2016年4月,19,填空,C2,加工小说明的表达工具,可用结构化自然语言、____和判定树描述加工,判定表,否,-,C2,加工小说明与加工的描述工具
02333 软件工程 2016年4月,20,填空,C2,内聚类型判别,所有成分操作同一数据集，该模块的内聚是____,通信内聚,否,-,C2,内聚类型与设计原则
02333 软件工程 2016年4月,21,填空,C2,变换型与事务型数据流图,有较明显输入与变换、变换与输出界面的DFD称为____,变换型数据流图,否,-,C2,数据流图（DFD）符号·分层与绘制
02333 软件工程 2016年4月,22,填空,C2,详细设计工具（程序流程图/盒图/PAD/伪码）,常用详细设计工具包括程序流程图、____等,盒图,否,-,C2,详细设计工具与结构化程序设计
02333 软件工程 2016年4月,23,填空,C3,关联的多重性,学生可在一所或多所学校注册学习，该关联应标识为____,聚合,否,参考答案存疑：更宜为多对多关联（多重性）,C3,关联、多重性与限定符
02333 软件工程 2016年4月,24,填空,C3,RUP四层模型,RUP定义需求获取层、____、设计层和____,系统分析层；实现层,否,-,C3,RUP 的工作流与四层结构
02333 软件工程 2016年4月,25,填空,C5,软件测试过程,软件测试过程包括测试设计、____及测试结果比较,测试执行,否,-,C5,软件测试的步骤与过程
02333 软件工程 2016年4月,26,填空,C5,软件测试的实施序列,测试序列：单元测试、集成测试、____和系统测试,有效性测试,否,-,C5,软件测试综合
02333 软件工程 2016年4月,27,填空,C0,ISO/IEC 12207生存周期过程分类,12207按过程主体分为____、支持过程和组织过程,基本过程,是,-,C0,ISO/IEC 12207 软件生存周期过程分类
02333 软件工程 2016年4月,28,填空,C7,项目管理计划与支持计划,项目管理计划的主体及支持性计划,过程管理计划；软件配置管理计划,否,-,C7,软件项目管理的内容与计划
02333 软件工程 2016年4月,29,填空,C0,CMMI的源模型,CMMI集成三个源模型：软件CMM、____和____,产品集成开发CMM；系统工程CMM,是,-,C0,CMMI 的三个源模型与集成思想
02333 软件工程 2016年4月,30,填空,C0,CMMI能力等级概念,在单一过程域中已达到的过程改善称为____,能力等级,是,-,C0,CMMI 能力等级与成熟度等级
02333 软件工程 2016年4月,31,填空,C0,CMMI软件质量的支撑点,软件质量三支撑点：受训人员、规程和____、工具和____,方法；设备,是,-,C0,CMMI 过程域、目标与最佳实践组织
02333 软件工程 2016年4月,32,简答,C2,程序流程图的优缺点,简述程序流程图的优缺点,直观便于初学者掌握；非逐步求精工具、控制流可随意转移、不易表示数据结构,否,-,C2,详细设计工具与结构化程序设计
02333 软件工程 2016年4月,33,简答,C3,用况模型与分析模型的区别,简述RUP中用况模型和分析模型的区别,用况模型是功能抽象的概念模型；分析模型含层次的包、分析类和用况细化,否,-,C3,用况图与用况建模
02333 软件工程 2016年4月,34,简答,C5,边界值分析原则,简述边界值分析设计测试用例可以遵循的原则,取等于边界值及刚超过边界的值；按输入/输出条件取极值；有序集合取首末元素,否,-,C5,边界值分析
02333 软件工程 2016年4月,35,简答,C1,瀑布模型的开发阶段,简述瀑布模型各阶段,系统需求、软件需求、需求分析、设计、编码、测试、运行,否,-,C1,瀑布模型
02333 软件工程 2016年4月,36,简答,C1,生存周期模型选择步骤,简述选择软件生存周期模型（SLCM）的步骤,标识可用SLCM；标识影响选择的属性；标识约束；基于经验与组织能力评估选择,否,-,C1,软件过程与生存周期阶段
02333 软件工程 2016年4月,37,简答,C2,控制域与作用域,简述模块的控制域和作用域概念及其启发式原则,控制域是自身及下属模块集合；作用域是受其判定影响的模块集合；作用域应在控制域内,否,-,C2,模块结构图的深度·宽度·扇入扇出·作用域
02333 软件工程 2017年10月,1,单选,C1,软件工程的发展与主要成果,20世纪80年代以来软件工程的主要成果,B,否,-,C1,软件工程的定义、研究领域与发展
02333 软件工程 2017年10月,2,单选,C2,需求分类（功能/性能/设计约束/外部接口）,属于外部接口需求范畴的描述,C,否,-,C2,需求的分类与基本性质
02333 软件工程 2017年10月,3,单选,C2,需求规约的基本性质,需求规约基本性质：重要性和稳定性、可修改、完整和什么,A,否,-,C2,需求规约的基本性质
02333 软件工程 2017年10月,4,单选,C2,加工小说明的表达工具,可用以描述加工的工具是,D,否,-,C2,加工小说明与加工的描述工具
02333 软件工程 2017年10月,5,单选,C2,耦合与内聚的定义,不同模块之间相互依赖程度的度量,D,否,-,C2,内聚类型与设计原则
02333 软件工程 2017年10月,6,单选,C2,逐步求精,将问题求解过程分解为多步、每步细化上一步结果,A,否,-,C2,逐步求精
02333 软件工程 2017年10月,7,单选,C3,关联的多重性,关联的多重性是指什么,D,否,-,C3,关联、多重性与限定符
02333 软件工程 2017年10月,8,单选,C3,UML用况图的作用,用况图可描述软件系统行为的什么,A,否,-,C3,用况图与用况建模
02333 软件工程 2017年10月,9,单选,C3,RUP设计模型的成分,RUP设计模型基本成分：子系统、设计类、接口和什么,B,否,-,C3,面向对象设计（OOD）准则与体系结构
02333 软件工程 2017年10月,10,单选,C5,调试的特点与方法,关于调试说法正确的是,C,否,-,C5,调试（排错）技术
02333 软件工程 2017年10月,11,单选,C5,等价类划分,教师分房按职称分别计分的等价类划分,B,否,-,C5,等价类划分
02333 软件工程 2017年10月,12,单选,C5,有效性测试,有效性测试通常采用什么测试技术,A,否,-,C5,确认测试与有效性测试
02333 软件工程 2017年10月,13,单选,C0,ISO/IEC 12207生存周期过程分类,12207按过程主体分为基本过程、支持过程和什么,D,是,-,C0,ISO/IEC 12207 软件生存周期过程分类
02333 软件工程 2017年10月,14,单选,C1,螺旋模型的风险分析,引入风险分析的软件开发模型,A,否,-,C1,螺旋模型
02333 软件工程 2017年10月,15,单选,C0,CMMI成熟度等级划分,CMMI成熟度等级中的3级,C,是,-,C0,CMMI 能力等级与成熟度等级
02333 软件工程 2017年10月,16,填空,C1,软件工程概念与软件危机,提出软件工程概念倡导以工程原理、原则和____开发软件,方法,否,-,C1,软件危机（含义·表现·成因）
02333 软件工程 2017年10月,17,填空,C2,单个需求的基本性质,单一需求的基本性质：____、无歧义、可测试、可测量,必要的,否,-,C2,单个需求的基本性质
02333 软件工程 2017年10月,18,填空,C2,需求发现技术,需求人员把自己作为最终用户审视系统并提出问题,自悟,否,-,C2,需求发现技术（交谈/观察/自悟/提炼）
02333 软件工程 2017年10月,19,填空,C2,DFD基本术语,结构化分析方法中数据流的归宿地称为____,数据潭,否,-,C2,数据流图（DFD）符号·分层与绘制
02333 软件工程 2017年10月,20,填空,C2,耦合与内聚的定义,一个模块内部各成分之间相互关联程度的度量,内聚,否,-,C2,内聚类型与设计原则
02333 软件工程 2017年10月,21,填空,C2,结构化分析的表达工具,结构化分析方法表达功能模型的图形化工具是____,数据流图,否,-,C2,结构化分析方法与建模步骤
02333 软件工程 2017年10月,22,填空,C2,结构化程序设计的基本控制结构,结构化程序设计基本控制结构：顺序、____和循环,选择,否,-,C2,详细设计工具与结构化程序设计
02333 软件工程 2017年10月,23,填空,C3,面向对象方法学的形成与里程碑,面向对象技术发展中的一个重要里程碑是____,统一建模语言,否,-,C3,面向对象方法学的形成与思想
02333 软件工程 2017年10月,24,填空,C3,RUP的特点（用况驱动）,RUP以用况为驱动、以____为中心的迭代增量开发,体系结构,否,-,C3,统一过程模型（RUP）概述
02333 软件工程 2017年10月,25,填空,C5,软件测试的实施序列,测试序列：单元测试、集成测试、有效性测试和____,系统测试,否,-,C5,软件测试综合
02333 软件工程 2017年10月,26,填空,C5,单元测试的驱动模块与桩模块,单元测试须为每个模块开发____和承接模块,驱动模块,否,-,C5,单元测试（内容·依据·驱动桩）
02333 软件工程 2017年10月,27,填空,C0,ISO/IEC 12207基本过程,软件基本过程可分为获取、供应、____、运行和____,开发过程；维护过程,是,-,C0,ISO/IEC 12207 软件生存周期过程分类
02333 软件工程 2017年10月,28,填空,C7,项目管理计划与支持计划,项目管理计划的支持性计划包括哪些,软件配置管理计划；软件度量计划,否,-,C7,软件项目管理的内容与计划
02333 软件工程 2017年10月,29,填空,C0,CMMI软件质量的支撑点,CMMI质量支撑点：受训人员、规程和方法、工具和____,设备,是,-,C0,CMMI 过程域、目标与最佳实践组织
02333 软件工程 2017年10月,30,填空,C0,CMMI能力等级概念,在单一过程域中已达到的过程改善称为____,能力等级,是,-,C0,CMMI 能力等级与成熟度等级
02333 软件工程 2017年10月,31,填空,C0,CMMI的源模型,CMMI集成3个源模型：____、系统工程CMM和____,软件CMM；集成产品开发CMM,是,-,C0,CMMI 的三个源模型与集成思想
02333 软件工程 2017年10月,32,简答,C1,软件开发的本质与基本途径,简述软件开发的本质及基本途径,本质是问题空间到解空间的概念与处理逻辑映射；基本途径是系统建模,否,-,C1,软件开发的本质与基本途径
02333 软件工程 2017年10月,33,简答,C2,结构化分析建模的基本步骤,简述结构化分析建模的基本步骤,需求获取；需求提炼（分析建模）；需求描述（编写SRS）；需求验证,否,-,C2,结构化分析方法与建模步骤
02333 软件工程 2017年10月,34,简答,C3,用况模型与分析模型的区别,简述RUP中用况模型和分析模型的区别,用况模型是功能抽象的概念模型；分析模型含层次结构的包、分析类和用况细化,否,-,C3,用况图与用况建模
02333 软件工程 2017年10月,35,简答,C3,泛化的概念与约束,简述泛化的概念及其约束,泛化是父类与特殊类目之间的关系；约束含不完全、完全、互斥、重叠,否,-,C3,泛化关系（含义·约束·判别）
02333 软件工程 2017年10月,36,简答,C5,因果图生成测试用例步骤,简述因果图方法生成测试用例的基本步骤,找原因与结果并标识；画因果图；标约束；转判定表；按列设计测试用例,否,-,C5,因果图法设计测试用例
02333 软件工程 2017年10月,37,简答,C1,生存周期过程/模型/过程管理关系,简述软件生存周期过程、模型、项目过程管理之间的关系,过程回答做什么；模型回答如何组织；过程管理回答如何管理；过程是基础,否,-,C1,软件过程与生存周期阶段
02333 软件工程 2017年4月,1,单选,C1,软件开发本质的映射含义,软件开发的本质概括为不同抽象层间的,D,否,-,C1,软件开发的本质与基本途径
02333 软件工程 2017年4月,2,单选,C2,需求规约的定义,需求分析产生的正式文档是,B,否,-,C2,需求规约的定义与作用
02333 软件工程 2017年4月,3,单选,C2,需求规约的表达风格,适用于小型项目或获取SRS草案的需求规约风格,B,否,-,C2,需求规约的表达风格与文档结构
02333 软件工程 2017年4月,4,单选,C2,数据流图基本术语,结构化分析中表示数据静态结构的术语,A,否,-,C2,数据流图（DFD）符号·分层与绘制
02333 软件工程 2017年4月,5,单选,C2,耦合类型判别,模块向下属模块传递开关量信息，其耦合类型,C,否,-,C2,耦合类型与设计原则
02333 软件工程 2017年4月,6,单选,C2,模块宽度与扇出,对模块宽度影响最大的因素是,C,否,-,C2,模块结构图的深度·宽度·扇入扇出·作用域
02333 软件工程 2017年4月,7,单选,C3,类与对象的概念,可用于抽象客观世界中事物的术语是,A,否,-,C3,类与对象的概念、构成与可见性
02333 软件工程 2017年4月,8,单选,C3,组合与聚合关系判别,大学由若干专业系构成，两者的关系是,B,否,-,C3,组合·聚合与整体-部分关系
02333 软件工程 2017年4月,9,单选,C3,RUP迭代增量特征,属于RUP突出特点的是,A,否,-,C1,增量模型
02333 软件工程 2017年4月,10,单选,C5,白盒与黑盒测试依据,依据程序逻辑结构的软件测试技术是,D,否,-,C5,黑盒测试技术（分类·事务流）
02333 软件工程 2017年4月,11,单选,C5,等价类划分的划分规则,输入范围为150—200时等价类划分正确的是,B,否,-,C5,等价类划分
02333 软件工程 2017年4月,12,单选,C5,单元测试关注内容,单元测试期间通常考虑模块的,A,否,-,C5,单元测试（内容·依据·驱动桩）
02333 软件工程 2017年4月,13,单选,C0,ISO12207过程分类,软件基本过程除供应、开发、运行、维护外还有,D,是,-,C0,ISO/IEC 12207 软件生存周期过程分类
02333 软件工程 2017年4月,14,单选,C1,螺旋模型的适用场景,适用于开发风险大或客户需求不确定的模型是,A,否,-,C1,螺旋模型
02333 软件工程 2017年4月,15,单选,C0,CMMI能力等级,CMMI能力等级中的3级是,C,是,-,C0,CMMI 能力等级与成熟度等级
02333 软件工程 2017年4月,16,填空,C1,软件危机的定义与表现,软件生产率与质量制约社会发展的现象称为,软件危机,否,-,C1,软件危机（含义·表现·成因）
02333 软件工程 2017年4月,17,填空,C2,单一需求的基本性质,单一需求必须具有的基本性质之一是,可测的（可测试的）,否,-,C2,单个需求的基本性质
02333 软件工程 2017年4月,18,填空,C2,需求规约的基本性质,需求规约基本性质中缺少的一项是,完整的,否,-,C2,需求规约的基本性质
02333 软件工程 2017年4月,19,填空,C2,加工描述工具,可用于描述加工的工具还有,判定树,否,-,C2,加工小说明与加工的描述工具
02333 软件工程 2017年4月,20,填空,C2,内聚类型判别,模块各成分之间基本不存在关系，其内聚是,偶然内聚,否,-,C2,内聚类型与设计原则
02333 软件工程 2017年4月,21,填空,C2,数据字典的定义与作用,定义数据流图所有数据流与数据存储结构的工具是,数据字典,否,-,C2,数据字典的符号与条目
02333 软件工程 2017年4月,22,填空,C2,详细设计工具分类,典型详细设计工具除程序流程图、盒图外还有,PAD图（问题分析图）,否,-,C2,详细设计工具与结构化程序设计
02333 软件工程 2017年4月,23,填空,C3,UML关联的关联名与角色,UML中描述关联一定内涵的术语是,关联名,否,-,C3,关联、多重性与限定符
02333 软件工程 2017年4月,24,填空,C3,RUP四层模型结构,RUP的四层模型中缺少的一层是,设计层,否,-,C3,RUP 的工作流与四层结构
02333 软件工程 2017年4月,25,填空,C5,软件测试过程环节,软件测试过程除测试设计、执行外还包括,测试结果比较,否,-,C5,软件测试的步骤与过程
02333 软件工程 2017年4月,26,填空,C5,软件测试步骤与测试序列,合理的测试序列中缺少的测试是,集成测试、系统测试,否,-,C5,软件测试的步骤与过程
02333 软件工程 2017年4月,27,填空,C0,ISO12207过程分类,ISO/IEC 12207按过程主体分为基本、组织和,支持过程,是,-,C0,ISO/IEC 12207 软件生存周期过程分类
02333 软件工程 2017年4月,28,填空,C0,项目计划体系与其他计划,项目管理计划的主体是，其他计划还包括,过程管理计划；软件质量保证计划,是,项目计划体系，13005考纲第7章无此内容，归C0,C7,软件项目管理的内容与计划
02333 软件工程 2017年4月,29,填空,C0,CMMI的三个源模型,CMMI集成的3个源模型中缺少的是,软件CMM、集成产品开发CMM,是,-,C0,CMMI 的三个源模型与集成思想
02333 软件工程 2017年4月,30,填空,C0,CMMI过程能力,CMMI中遵循过程达到预期结果的程度是,过程能力,是,-,C0,CMMI 过程域、目标与最佳实践组织
02333 软件工程 2017年4月,31,填空,C0,CMMI软件质量三支撑点,CMMI通过过程集成的软件质量支撑点还有,工具、设备,是,-,C0,CMMI 过程域、目标与最佳实践组织
02333 软件工程 2017年4月,32,简答,C1,软件的定义与软件工程目的,简述计算机软件概念及提出软件工程概念的目的,软件=程序+文档；目的是以工程原理原则方法开发软件以解决软件危机,否,-,C1,软件的定义与特点
02333 软件工程 2017年4月,33,简答,C2,需求发现技术,简述初始发现需求的常用技术,自悟；交谈；观察；小组会；提炼,否,-,C2,需求发现技术（交谈/观察/自悟/提炼）
02333 软件工程 2017年4月,34,简答,C2,变换设计步骤,简述变换设计的基本步骤,设计准备精化系统模型；确定输入/变换/输出边界；设计顶层与第一层；逐步求精,否,-,C2,变换型与事务型分析（SC 图设计）
02333 软件工程 2017年4月,35,简答,C2,信息隐藏的概念与意义,简述信息隐藏的概念及其意义,模块内信息不允许不需要者访问；是实现低耦合的有效途径；绝对隐藏无意义,否,"考纲亦将""信息隐藏""列入第3章面向对象设计准则，本题按模块表述归C2",C2,模块、模块化与模块独立性
02333 软件工程 2017年4月,36,简答,C3,RUP分析模型与活动,简述RUP分析模型的表达及创建的主要活动,由分析系统定义，含分层包；体系结构分析、用况分析、类的分析、包的分析,否,-,C3,RUP 各层的模型与活动
02333 软件工程 2017年4月,37,简答,C5,验证与确认的区别,什么是验证和确认？简述它们的区别,验证=证实产品正确反映规约需求；确认=证实满足期望使用的需求,否,章归属存疑（亦可归质量管理，13005考纲未单列）,C5,验证与确认的区别
02333 软件工程 2017年4月,38,应用,C2,数据流图绘制,为发帖系统画数据流图并指出包含的元素,加工：检查输入、变换格式；数据源：表单；数据潭：屏幕；数据存储：发帖内容文件,否,-,C2,数据流图（DFD）符号·分层与绘制
02333 软件工程 2017年4月,39,应用,C5,逻辑覆盖标准最少用例,用白盒法找出满足5种覆盖标准的最少测试用例,语句覆盖①；分支覆盖④；条件覆盖③；条件组合覆盖⑧；路径覆盖⑦,否,-,C5,逻辑覆盖与测试覆盖强弱
02333 软件工程 2018年10月,1,单选,C1,软件工程的发展历程,软件工程在20世纪60年代末到80年代初的主要成果,C,否,-,C1,软件工程的定义、研究领域与发展
02333 软件工程 2018年10月,2,单选,C2,功能需求与非功能需求判别,销售管理系统需求文档中属于功能需求的是,A,否,-,C2,需求的分类与基本性质
02333 软件工程 2018年10月,3,单选,C2,需求规约的基本性质,需求规约基本性质中缺少的一项是,A,否,-,C2,需求规约的基本性质
02333 软件工程 2018年10月,4,单选,C2,加工描述工具,建模过程中可用以描述加工的工具是,B,否,-,C2,加工小说明与加工的描述工具
02333 软件工程 2018年10月,5,单选,C2,内聚与耦合的概念,模块内部各成分相互关联程度的度量是,B,否,-,C2,内聚类型与设计原则
02333 软件工程 2018年10月,6,单选,C2,数据流图表达功能模型,结构化分析方法中表达功能模型的工具是,D,否,-,C2,数据流图（DFD）符号·分层与绘制
02333 软件工程 2018年10月,7,单选,C3,面向对象方法的形成渊源,面向对象方法源于面向对象,D,否,-,C3,面向对象方法学的形成与思想
02333 软件工程 2018年10月,8,单选,C3,业务模型与系统模型的关系,业务模型与系统模型之间的关系是,A,否,-,C1,概念模型与软件模型（模型分类）
02333 软件工程 2018年10月,9,单选,C3,分析类的三种类型,RUP的分析类包括边界类、实体类和,B,否,-,C3,分析类（边界类·实体类·控制类）
02333 软件工程 2018年10月,10,单选,C5,黑盒测试技术分类,黑盒测试技术除事务处理流程、定义域测试外还有,C,否,-,C5,黑盒测试技术（分类·事务流）
02333 软件工程 2018年10月,11,单选,C5,等价类划分的划分规则,对教授、副教授、讲师分别计分时的等价类划分,B,否,-,C5,等价类划分
02333 软件工程 2018年10月,12,单选,C5,有效性测试的目标,有效性测试的目标是发现功能与何者不一致,A,否,-,C5,确认测试与有效性测试
02333 软件工程 2018年10月,13,单选,C0,ISO12207过程分类,ISO/IEC 12207按过程主体分为基本、组织过程和,D,是,-,C0,ISO/IEC 12207 软件生存周期过程分类
02333 软件工程 2018年10月,14,单选,C1,喷泉模型特点与适用,主要用于支持面向对象技术软件开发的模型是,A,否,-,C1,喷泉模型
02333 软件工程 2018年10月,15,单选,C0,CMMI成熟度等级,CMMI组织过程改善成熟度等级中的2级是,C,是,-,C0,CMMI 能力等级与成熟度等级
02333 软件工程 2018年10月,16,填空,C1,软件的定义与构成,计算机软件是指计算机系统中的程序及其,文档,否,-,C1,软件的定义与特点
02333 软件工程 2018年10月,17,填空,C2,单一需求的基本性质,单一需求必须具有的基本性质之一是,可测的（可测量的）,否,-,C2,单个需求的基本性质
02333 软件工程 2018年10月,18,填空,C2,需求发现技术,通过提问/回答直接询问用户的发现需求技术是,交谈,否,-,C2,需求发现技术（交谈/观察/自悟/提炼）
02333 软件工程 2018年10月,19,填空,C2,数据流图基本术语,结构化分析方法中表示数据静态结构的术语是,数据存储,否,-,C2,数据流图（DFD）符号·分层与绘制
02333 软件工程 2018年10月,20,填空,C2,内聚与耦合的概念,不同模块之间相互依赖程度的度量是,耦合,否,-,C2,内聚类型与设计原则
02333 软件工程 2018年10月,21,填空,C2,软件设计策略与逐步求精,把问题分解为多步、逐步细化的方法称为,逐步求精,否,"章归属存疑：按教材第2章""软件设计的基本策略""，亦可归第1章开发途径",C2,总体（概要）设计的任务与步骤
02333 软件工程 2018年10月,22,填空,C2,结构化程序设计控制结构,结构化程序设计的基本控制结构包括顺序、选择和,循环（迭代）,否,-,C2,详细设计工具与结构化程序设计
02333 软件工程 2018年10月,23,填空,C3,组合与聚合关系判别,整体类负责创建与消除部分类实例的关联称为,组合,否,-,C3,组合·聚合与整体-部分关系
02333 软件工程 2018年10月,24,填空,C3,RUP迭代增量特征,RUP是以用况为驱动、以体系结构为中心的哪种开发,迭代、增量式开发,否,-,C1,增量模型
02333 软件工程 2018年10月,25,填空,C5,桩模块与驱动模块,单元测试中替代被测模块下属模块的是,桩模块（承接模块）,否,-,C5,单元测试（内容·依据·驱动桩）
02333 软件工程 2018年10月,26,填空,C5,软件测试过程环节,软件测试过程除测试设计、执行外还包括,测试结果比较,否,-,C5,软件测试的步骤与过程
02333 软件工程 2018年10月,27,填空,C0,ISO12207过程分类,软件基本过程除获取、供应、开发外还有,运行过程、维护过程,是,-,C0,ISO/IEC 12207 软件生存周期过程分类
02333 软件工程 2018年10月,28,填空,C0,项目计划体系与其他计划,项目管理计划的主体是，其他计划还包括,软件质量保证计划；软件度量计划,是,项目计划体系，13005考纲第7章无此内容，归C0,C7,软件项目管理的内容与计划
02333 软件工程 2018年10月,29,填空,C0,CMMI的三个源模型,CMMI集成的3个源模型中缺少的是,软件CMM,是,-,C0,CMMI 的三个源模型与集成思想
02333 软件工程 2018年10月,30,填空,C0,CMMI过程能力,CMMI中遵循过程达到预期结果的程度是,过程能力,是,-,C0,CMMI 过程域、目标与最佳实践组织
02333 软件工程 2018年10月,31,填空,C0,CMMI软件质量三支撑点,CMMI通过过程集成的质量支撑点还有,规程和方法、工具,是,-,C0,CMMI 过程域、目标与最佳实践组织
02333 软件工程 2018年10月,32,简答,C1,软件工程与软件危机的概念,简述软件危机与软件工程概念及提出软件工程的目的,危机=生产率与质量不满足社会需求；软件工程=按预算进度实现满足用户要求的产品,否,-,C1,软件危机（含义·表现·成因）
02333 软件工程 2018年10月,33,简答,C2,详细设计的任务与目标,简述结构化方法详细设计的任务及目标,任务：描述每个模块的实施机制（例程与数据结构）；目标：将高层结构映射为低层结构,否,-,C2,详细设计工具与结构化程序设计
02333 软件工程 2018年10月,34,简答,C3,用况图的模型元素,简述用况图及其通常包含的模型元素,表达系统功能模型；6元素：主题、用况、参与者、关联、泛化、依赖,否,-,C3,用况图与用况建模
02333 软件工程 2018年10月,35,简答,C3,RUP与UML的关系,简述RUP和UML之间的关系,二者构成特定方法学；UML提供术语与建模工具；RUP定义四层模型及其映射活动,否,-,C3,RUP 的定义与特点
02333 软件工程 2018年10月,36,简答,C5,边界值分析与等价类划分的区别,简述边界值分析与等价类划分技术的区别,边界值分析着重边界（等于、刚大于、刚小于）；等价类划分取典型值或任意值,否,-,C5,等价类划分
02333 软件工程 2018年10月,37,简答,C5,验证与确认的区别,简述验证和确认以及它们的区别,验证=证实正确反映规约需求；确认=证实满足期望使用需求；均由客观证据证实,否,章归属存疑（亦可归质量管理，13005考纲未单列）,C5,验证与确认的区别
02333 软件工程 2018年10月,38,应用,C2,顶层数据流图与外部实体,为CCMS画顶层数据流图并指出外部实体,外部实体：非信用卡客户、银行、信用卡客户,否,-,C2,数据流图（DFD）符号·分层与绘制
02333 软件工程 2018年10月,39,应用,C5,逻辑覆盖标准最少用例,用白盒法找出满足5种覆盖标准的最少测试用例,语句覆盖③；分支覆盖③；条件覆盖②；条件组合覆盖⑩；路径覆盖⑤,否,-,C5,逻辑覆盖与测试覆盖强弱
02333 软件工程 2018年4月,1,单选,C1,软件系统模型分类,软件系统模型可分为概念模型和,C,否,-,C1,概念模型与软件模型（模型分类）
02333 软件工程 2018年4月,2,单选,C2,功能需求与非功能需求判别,销售管理系统需求文档中属于功能需求的是,A,否,-,C2,需求的分类与基本性质
02333 软件工程 2018年4月,3,单选,C2,需求发现技术,通过复审文档获取相关需求的发现需求技术是,B,否,-,C2,需求发现技术（交谈/观察/自悟/提炼）
02333 软件工程 2018年4月,4,单选,C2,数据流图基本术语,结构化分析方法中数据流的起点称为,D,否,-,C2,数据流图（DFD）符号·分层与绘制
02333 软件工程 2018年4月,5,单选,C2,耦合类型判别,一组模块共同引用一个全局数据项，其耦合类型,D,否,-,C2,耦合类型与设计原则
02333 软件工程 2018年4月,6,单选,C2,控制域与作用域,模块本身及所有直接或间接从属模块的集合称为,B,否,-,C2,模块结构图的深度·宽度·扇入扇出·作用域
02333 软件工程 2018年4月,7,单选,C3,依赖关系判别,可用于表达客观世界中事物之间关系的术语是,D,否,-,C3,依赖关系
02333 软件工程 2018年4月,8,单选,C3,UML图的分类,UML的图形化工具分为行为图和,A,否,-,C3,UML 的定义与图形工具分类
02333 软件工程 2018年4月,9,单选,C3,RUP实现活动与构件,RUP实现活动输入设计类和接口，输出为,A,否,-,C3,构件图与部署图
02333 软件工程 2018年4月,10,单选,C5,白盒与黑盒测试依据,依据软件行为描述的软件测试技术是,C,否,-,C5,黑盒测试技术（分类·事务流）
02333 软件工程 2018年4月,11,单选,C5,等价类划分的划分规则,输入范围为1—4时等价类划分正确的是,B,否,-,C5,等价类划分
02333 软件工程 2018年4月,12,单选,C5,单元测试关注内容,单元测试期间通常考虑模块的,A,否,-,C5,单元测试（内容·依据·驱动桩）
02333 软件工程 2018年4月,13,单选,C0,ISO12207过程分类,软件基本过程除获取、供应、运行、维护外还有,D,是,-,C0,ISO/IEC 12207 软件生存周期过程分类
02333 软件工程 2018年4月,14,单选,C1,喷泉模型特点与适用,体现软件创建固有迭代和无间隙特征的模型是,A,否,-,C1,喷泉模型
02333 软件工程 2018年4月,15,单选,C0,CMMI能力等级,CMMI能力等级中的4级是,C,是,-,C0,CMMI 能力等级与成熟度等级
02333 软件工程 2018年4月,16,填空,C1,软件开发本质的映射含义,软件开发的本质概括为不同抽象层之间的,映射,否,-,C1,软件开发的本质与基本途径
02333 软件工程 2018年4月,17,填空,C2,单一需求的基本性质,单一需求必须具有的基本性质中缺少的是,无歧义的、可跟踪的,否,-,C2,单个需求的基本性质
02333 软件工程 2018年4月,18,填空,C2,需求规约的表达风格,以良构数学概念符号体系编制的需求规约称为,形式化,否,-,C2,需求规约的表达风格与文档结构
02333 软件工程 2018年4月,19,填空,C2,数据流图表达功能模型,结构化分析中表达系统功能模型的图形化工具是,数据流图,否,-,C2,数据流图（DFD）符号·分层与绘制
02333 软件工程 2018年4月,20,填空,C2,内聚类型判别,模块内一成分输出作为另一成分输入，其内聚是,顺序内聚,否,-,C2,内聚类型与设计原则
02333 软件工程 2018年4月,21,填空,C2,模块宽度与扇出,同一层次上模块总数的最大值是该结构的,宽度,否,-,C2,模块结构图的深度·宽度·扇入扇出·作用域
02333 软件工程 2018年4月,22,填空,C2,详细设计工具分类,典型详细设计工具除程序流程图、盒图、问题分析图外还有,PDL（伪代码）,否,-,C2,详细设计工具与结构化程序设计
02333 软件工程 2018年4月,23,填空,C3,UML关联的关联名与角色,关联一端的类目对另一端类目的一种呈现称为,角色,否,-,C3,关联、多重性与限定符
02333 软件工程 2018年4月,24,填空,C3,RUP用况驱动的需求获取,RUP采用何种技术来获取需求,用例（用况）,否,-,C3,统一过程模型（RUP）概述
02333 软件工程 2018年4月,25,填空,C5,软件测试步骤与测试序列,合理的测试序列中缺少的测试是,集成测试,否,-,C5,软件测试的步骤与过程
02333 软件工程 2018年4月,26,填空,C5,软件测试过程环节,软件测试过程包括、测试执行以及测试结果比较等,测试设计,否,-,C5,软件测试的步骤与过程
02333 软件工程 2018年4月,27,填空,C1,瀑布模型的阶段划分,瀑布模型规定阶段中缺少的阶段是,需求分析；编码,否,-,C1,瀑布模型
02333 软件工程 2018年4月,28,填空,C0,项目计划体系与其他计划,项目管理计划的主体是，其他计划还包括,过程管理计划；软件验证和确认计划,是,项目计划体系，13005考纲第7章无此内容，归C0,C7,软件项目管理的内容与计划
02333 软件工程 2018年4月,29,填空,C0,CMMI软件质量三支撑点,CMMI通过过程集成的质量3个支撑点还有,规程和方法,是,-,C0,CMMI 过程域、目标与最佳实践组织
02333 软件工程 2018年4月,30,填空,C0,CMMI两种过程改善路径,CMMI两种过程改善路径之一是能力等级，另一是,成熟度等级,是,-,C0,CMMI 过程域、目标与最佳实践组织
02333 软件工程 2018年4月,31,填空,C0,CMMI的三个源模型,CMMI集成的3个源模型中缺少的是,软件CMM、集成产品开发CMM,是,-,C0,CMMI 的三个源模型与集成思想
02333 软件工程 2018年4月,32,简答,C1,软件工程与软件危机的概念,简述软件工程与软件危机的概念及提出软件工程的目的,危机=生产率与质量不满足社会需求；软件工程=按预算进度实现满足用户要求的产品,否,-,C1,软件危机（含义·表现·成因）
02333 软件工程 2018年4月,33,简答,C2,需求规约的基本性质,简述需求规约的概念及其基本性质,需求规约=所有需求陈述的正式文档；性质：重要性和稳定性、可修改、完整、一致,否,-,C2,需求规约的基本性质
02333 软件工程 2018年4月,34,简答,C2,事务设计步骤,简述事务设计的基本步骤,设计准备并精化系统模型；确定事务处理中心；设计顶层与第一层；自顶向下逐步求精,否,-,C2,变换型与事务型分析（SC 图设计）
02333 软件工程 2018年4月,35,简答,C3,泛化关系的约束,简述泛化的概念及其约束,泛化=父类与子类的一般/特殊关系；4约束：完整、不完整、互斥、重叠,否,-,C3,泛化关系（含义·约束·判别）
02333 软件工程 2018年4月,36,简答,C3,RUP设计模型与元素,简述RUP设计模型以及包含的元素,作为实现输入并保持分析模型结构；含设计子系统、设计类、用况细化、体系结构描述,否,-,C3,面向对象设计（OOD）准则与体系结构
02333 软件工程 2018年4月,37,简答,C5,因果图法生成测试用例步骤,简述因果图方法生成测试用例的基本步骤,找出原因与结果并编号；画因果图；标约束；转判定表；按判定表每列设计用例,否,-,C5,因果图法设计测试用例
02333 软件工程 2018年4月,38,应用,C2,数据流图绘制,画出教务系统数据流图并指出包含的加工,加工：身份验证、请求分类、查询成绩、学籍管理、成绩处理,否,-,C2,数据流图（DFD）符号·分层与绘制
02333 软件工程 2018年4月,39,应用,C3,用况图绘制方法,画出该系统用况图并写出参与者和用况,参与者：网络用户、公司客户、管理人员；用况：浏览、登录、修改信息、删除信息,否,-,C3,用况图与用况建模
02333 软件工程 2019年10月,1,单选,C1,软件系统模型分类,软件模型可进一步分为三种，其中不包含,D,否,-,C1,概念模型与软件模型（模型分类）
02333 软件工程 2019年10月,2,单选,C2,需求发现技术,需求发现技术中可能会引起客户抵触的是,A,否,-,C2,需求发现技术（交谈/观察/自悟/提炼）
02333 软件工程 2019年10月,3,单选,C2,需求规约的作用,下列不属于需求规约作用的是,C,否,-,C2,需求规约的定义与作用
02333 软件工程 2019年10月,4,单选,C2,需求分析面临的三大挑战,"不属于需求分析""三大挑战""的是",C,否,-,C2,需求分析面临的三大挑战
02333 软件工程 2019年10月,5,单选,C2,结构化分析建模流程,结构化分析方法建模基本流程的正确顺序是,D,否,-,C2,结构化分析方法与建模步骤
02333 软件工程 2019年10月,6,单选,C3,类图的三部分构成,题6图所示类的类名是,A,否,选项依赖题图，OCR缺失选项文字,C3,类图与类的建模
02333 软件工程 2019年10月,7,单选,C3,UML可见性符号,表示受保护的属性可见性符号是,B,否,-,C3,UML可见性符号
02333 软件工程 2019年10月,8,单选,C3,接口的使用与注意问题,关于软件接口应用注意问题，叙述不正确的是,B,否,-,C3,接口与操作
02333 软件工程 2019年10月,9,单选,C3,分析类的三种类型,RUP分析类中属于边界类的是,C,否,选项依赖题图，OCR缺失选项文字,C3,分析类（边界类·实体类·控制类）
02333 软件工程 2019年10月,10,单选,C3,RUP测试活动,RUP的测试活动不包含,B,否,-,C3,RUP 的工作流与四层结构
02333 软件工程 2019年10月,11,单选,C3,业务对象模型的三术语,RUP业务对象模型引入的3个术语中不包括,A,否,-,C3,面向对象需求分析（OOA）与建模步骤
02333 软件工程 2019年10月,12,单选,C5,测试覆盖的强弱关系,具有最低测试度量的测试策略是,B,否,-,C5,逻辑覆盖与测试覆盖强弱
02333 软件工程 2019年10月,13,单选,C5,单元测试关注内容,单元测试关注的是,D,否,-,C5,单元测试（内容·依据·驱动桩）
02333 软件工程 2019年10月,14,单选,C0,CMMI部件的图形符号,CMMI资料性部分所用符号是,D,是,选项依赖题图，OCR缺失选项文字,C0,CMMI 过程域、目标与最佳实践组织
02333 软件工程 2019年10月,15,单选,C0,CMMI专用目标与共用目标,可帮助确定过程域是否得以满足的部件是,B,是,-,C0,CMMI 过程域、目标与最佳实践组织
02333 软件工程 2019年10月,16,填空,C1,软件工程的发展历程,软件工程后期主要关注的两方面是,软件质量；软件工程管理,否,-,C1,软件工程的定义、研究领域与发展
02333 软件工程 2019年10月,17,填空,C2,需求规约的作用,基于需求规约一般还会产生的两个文档是,初始测试计划；用户系统操作描述,否,-,C2,需求规约的定义与作用
02333 软件工程 2019年10月,18,填空,C2,数据结构的选择结构表示,"客体表示中""性别=男|女""属于何种结构",选择,否,"题干""客体""疑为OCR或旧教材用语，按答案归第2章数据结构表示，存疑",C2,数据结构的选择结构表示
02333 软件工程 2019年10月,19,填空,C2,软件体系结构的表达工具,自顶向下设计软件时适合使用的体系结构表达工具是,层次图,否,-,C2,软件体系结构的表达工具
02333 软件工程 2019年10月,20,填空,C2,模块的定义与属性,执行一个特殊任务的过程及相关数据结构称为,模块,否,-,C2,模块、模块化与模块独立性
02333 软件工程 2019年10月,21,填空,C3,类的定义与构成,类是具有相同属性、操作、关系和什么的对象的描述,属性；语义,否,-,C3,类与对象的概念、构成与可见性
02333 软件工程 2019年10月,22,填空,C3,泛化关系的约束,UML给出的泛化4个约束中缺少的是,互斥；重叠,否,-,C3,泛化关系（含义·约束·判别）
02333 软件工程 2019年10月,23,填空,C3,依赖关系判别,一个类仅作为另一个类操作参数时，其关系是,依赖,否,-,C3,依赖关系
02333 软件工程 2019年10月,24,填空,C3,RUP四阶段的构造阶段,形成体系结构基线、具有初始操作能力的阶段是,构造（阶段）,否,-,C3,RUP 的四个开发阶段
02333 软件工程 2019年10月,25,填空,C3,RUP部署模型,RUP中包含节点和主动类到节点映射的是,部署模型,否,-,C3,RUP 各层的模型与活动
02333 软件工程 2019年10月,26,填空,C5,静态测试与动态测试,软件评估可以分为哪两类,静态评估；动态评估,否,按测试章静态/动态测试归C5，亦可能属第7章评估，存疑,C5,静态测试与静态分析
02333 软件工程 2019年10月,27,填空,C5,事务流程图中的事务吸收,事务流程图中一个事务被另一个事务吸食称为,事务吸收,否,暂归C5事务流测试,C5,黑盒测试技术（分类·事务流）
02333 软件工程 2019年10月,28,填空,C0,ISO12207软件确认过程,12207中证实软件工作产品满足需求的过程是,软件确认过程,是,-,C0,ISO/IEC 12207 软件生存周期过程分类
02333 软件工程 2019年10月,29,填空,C0,CMMI的三个源模型,CMMI集成的3个模型中缺少的是,软件CMM,是,-,C0,CMMI 的三个源模型与集成思想
02333 软件工程 2019年10月,30,填空,C0,CMMI部件的图形符号,CMMI过程域及其专用目标、共用目标的表示符号是,（参考答案空缺）,是,原卷参考答案空缺（OCR缺失符号）,C0,CMMI 过程域、目标与最佳实践组织
02333 软件工程 2019年10月,31,简答,C1,软件危机的定义与表现,什么是软件危机？主要表现在哪些方面,危机=生产率与质量不满足社会需求；表现：超预算、拖延、不满足要求、可维护性差,否,-,C1,软件危机（含义·表现·成因）
02333 软件工程 2019年10月,32,简答,C2,详细设计的任务与目标,简述结构化方法详细设计的任务及目标,任务：描述模块结构图中每一模块的实施机制；目标：高层结构映射为低层结构,否,-,C2,详细设计工具与结构化程序设计
02333 软件工程 2019年10月,33,简答,C2,概要设计规约的内容,简述概要设计规约的主要内容,系统环境；软件模块结构；模块描述；文件结构与全局数据逻辑结构,否,-,C2,总体（概要）设计的任务与步骤
02333 软件工程 2019年10月,34,简答,C5,路径测试技术要点,路径测试技术属于什么测试技术？要点是什么,属白盒（结构）测试；用控制流程图表达程序模型；选一组路径达到某种测试度量,否,-,C5,路径测试技术
02333 软件工程 2019年10月,35,简答,C1,瀑布模型及存在问题,简述瀑布模型以及存在的主要问题,按固定顺序连接各阶段；问题：需客户完整表达需求、需求不稳致延期、早期难评估进度,否,-,C1,瀑布模型
02333 软件工程 2019年10月,36,简答,C0,CMMI能力等级,在CMMI中每个过程域共设定了哪几个能力等级,0未完成级、1已执行级、2已管理级、3已定义级、4已定量管理级、5持续优化级,是,-,C0,CMMI 能力等级与成熟度等级
02333 软件工程 2019年10月,37,应用,C2,深度宽度与扇入扇出计算,求体系结构深度、宽度及模块h扇出、模块r扇入,深度5；宽度7；h扇出4；r扇入4,否,-,C2,模块结构图的深度·宽度·扇入扇出·作用域
02333 软件工程 2019年10月,38,应用,C5,等价类划分用例设计,用等价类划分设计三角形判断的测试用例,"有效类3组(如5,5,5)；无效类6组(如1,2,5、A,5,7、1,3)",否,-,C5,等价类划分
02333 软件工程 2019年4月,1,单选,C1,软件工程概念与软件危机,概念X提出目的与现象Y分别是什么,D,否,-,C1,软件危机（含义·表现·成因）
02333 软件工程 2019年4月,2,单选,C1,软件模型的分类,软件开发领域中属于软件模型的是,A,否,-,C1,概念模型与软件模型（模型分类）
02333 软件工程 2019年4月,3,单选,C2,需求发现技术,需求人员把自己作为最终用户的技术,C,否,-,C2,需求发现技术（交谈/观察/自悟/提炼）
02333 软件工程 2019年4月,4,单选,C2,需求规约的表达风格,基于良构数学概念符号体系的风格,B,否,-,C2,需求规约的表达风格与文档结构
02333 软件工程 2019年4月,5,单选,C2,数据流图基本术语,表示数据静态结构的基本术语,D,否,-,C2,数据流图（DFD）符号·分层与绘制
02333 软件工程 2019年4月,6,单选,C2,总体设计工具,常用作总体设计的工具,A,否,-,C2,总体（概要）设计的任务与步骤
02333 软件工程 2019年4月,7,单选,C2,模块结构图的深度宽度与扇入扇出,顶层中间层底层模块扇出扇入特点,B,否,-,C2,模块结构图的深度·宽度·扇入扇出·作用域
02333 软件工程 2019年4月,8,单选,C3,组合与聚合关系判别,组合是一种特殊形式的何种关系,C,否,-,C3,组合·聚合与整体-部分关系
02333 软件工程 2019年4月,9,单选,C3,UML图形工具的用途,支持行为生存周期建模的图,D,否,-,C3,UML 的定义与图形工具分类
02333 软件工程 2019年4月,10,单选,C3,RUP的核心工作流,RUP各阶段共同工作流的第五项,A,否,-,C3,RUP 的工作流与四层结构
02333 软件工程 2019年4月,11,单选,C5,黑盒测试的定义,黑盒测试技术又称为,B,否,-,C5,黑盒测试技术（分类·事务流）
02333 软件工程 2019年4月,12,单选,C5,集成测试的接口问题,模块组装后不能正确工作的原因,C,否,-,C5,组装（集成）测试
02333 软件工程 2019年4月,13,单选,C0,ISO12207过程分类,12207-1995中属基本过程活动集的是,D,是,-,C0,ISO/IEC 12207 软件生存周期过程分类
02333 软件工程 2019年4月,14,单选,C1,螺旋模型的适用范围,螺旋模型适用的项目类型,B,否,-,C1,螺旋模型
02333 软件工程 2019年4月,15,单选,C0,CMMI能力等级,CMMI能力等级4级的名称,A,是,-,C0,CMMI 能力等级与成熟度等级
02333 软件工程 2019年4月,16,填空,C1,软件工程的发展历程,后期开始关注软件质量和什么,软件管理,否,-,C1,软件工程的定义、研究领域与发展
02333 软件工程 2019年4月,17,填空,C1,概念模型与软件模型的区分,需求层创建的系统是对客观事物的抽象,概念模型,否,-,C1,概念模型与软件模型（模型分类）
02333 软件工程 2019年4月,18,填空,C2,需求验证的方法,验证需求是否歧义可采用的活动,需求复审,否,-,C2,需求验证与需求工作的挑战
02333 软件工程 2019年4月,19,填空,C2,HIPO图的应用与组成,HIPO图应用的阶段及组成部分,总体设计；H图(层次图),否,-,C2,详细设计工具与结构化程序设计
02333 软件工程 2019年4月,20,填空,C2,模块的作用域,受模块内一个判定影响的所有模块集合,作用域,否,-,C2,模块结构图的深度·宽度·扇入扇出·作用域
02333 软件工程 2019年4月,21,填空,C2,模块结构图的深度宽度与扇入扇出,宽度的含义及影响宽度的因素,最大值；扇出,否,-,C2,模块结构图的深度·宽度·扇入扇出·作用域
02333 软件工程 2019年4月,22,填空,C3,单继承与多继承,一个类只有一个父类说明使用,单继承,否,-,C3,封装·继承·多态·重载
02333 软件工程 2019年4月,23,填空,C3,UML图形工具的用途,支持生存周期建模与交互建模的图,状态图；交互图,否,-,C3,UML 的定义与图形工具分类
02333 软件工程 2019年4月,24,填空,C3,RUP的四层结构,RUP除需求获取层分析层设计层外的层,实现层,否,-,C3,RUP 的工作流与四层结构
02333 软件工程 2019年4月,25,填空,C5,路径测试技术,路径测试中测试用例设计的基础,路径选取,否,-,C5,路径测试技术
02333 软件工程 2019年4月,26,填空,C5,单元测试的依据与技术,单元测试的指导文档及采用的测试技术,详细设计；白盒,否,-,C5,单元测试（内容·依据·驱动桩）
02333 软件工程 2019年4月,27,填空,C0,ISO12207过程分类,12207按过程主体划分的三种过程之一,支持过程,是,-,C0,ISO/IEC 12207 软件生存周期过程分类
02333 软件工程 2019年4月,28,填空,C1,瀑布模型的特点,瀑布模型各阶段衔接顺序及阶段输出,固定；输入,否,-,C1,瀑布模型
02333 软件工程 2019年4月,29,填空,C0,CMMI的源模型,CMMI集成的三个源模型中的第三个,产品集成开发CMM,是,-,C0,CMMI 的三个源模型与集成思想
02333 软件工程 2019年4月,30,填空,C0,能力等级与成熟度等级区别,能力等级表征组织对何种过程域的改善,单个,是,-,C0,能力等级与成熟度等级区别
02333 软件工程 2019年4月,31,简答,C1,软件开发的本质,简述软件开发的本质及其涉及的问题,不同抽象层术语与处理逻辑的映射；技术与管理两方面,否,-,C1,软件开发的本质与基本途径
02333 软件工程 2019年4月,32,简答,C2,需求规约的基本性质,简述需求规约概念及基本性质,正式文档；重要性稳定性、可修改、完整、一致,否,-,C2,需求规约的基本性质
02333 软件工程 2019年4月,33,简答,C2,模块耦合类型与设计原则,模块与模块耦合的定义类型及设计原则,内容/公共/控制/标记/数据耦合；多用数据耦合避免内容耦合,否,-,C2,耦合类型与设计原则
02333 软件工程 2019年4月,34,简答,C3,UML与RUP的关系,为何UML要与RUP一起才算方法学,方法学三要素；UML只有术语与表达格式；RUP提供过程指导,否,-,C3,RUP 的定义与特点
02333 软件工程 2019年4月,35,简答,C5,白盒测试技术要点,简述白盒测试技术要点并举例,依据逻辑结构以控制流程图建模；路径测试策略有偏序关系,否,-,C5,白盒测试技术
02333 软件工程 2019年4月,36,简答,C1,增量模型的优缺点,简述增量模型的优缺点,需求可结构化；首版交付快允许增量投资；变更致不稳定管理成本高,否,-,C1,增量模型
02333 软件工程 2019年4月,37,应用,C2,分层数据流图的绘制,画出学生成绩管理系统的顶层和0层DFD,画顶层DFD与0层DFD(原卷答案未给出图形),否,"原卷参考答案仅有""答：""无图，无法核对",C2,数据流图（DFD）符号·分层与绘制
02333 软件工程 2019年4月,38,应用,C5,程序流程图绘制,画出题38程序段的流程图,按判断条件画出流程图(原卷答案未给出图形),否,原卷答案缺图；归章C5(测试建模)与C2(详细设计工具)存疑,C2,详细设计工具与结构化程序设计
02333 软件工程 2020年10月,1,单选,C1,软件危机的表现,下列不属于软件危机主要表现的是,B,否,-,C1,软件危机（含义·表现·成因）
02333 软件工程 2020年10月,2,单选,C2,需求规约的基本性质,不属于需求规约基本性质的是,A,否,-,C2,需求规约的基本性质
02333 软件工程 2020年10月,3,单选,C2,模块独立性与高内聚低耦合,提高模块独立性应遵循的原则,C,否,-,C2,内聚类型与设计原则
02333 软件工程 2020年10月,4,单选,C2,详细设计工具的判别,结构化限制处理转移的详细设计工具,D,否,-,C2,详细设计工具与结构化程序设计
02333 软件工程 2020年10月,5,单选,C3,类状态机的运行状态,类状态机等待接收事件的状态名称,A,否,-,C3,状态图与状态建模
02333 软件工程 2020年10月,6,单选,C3,UML图形工具的用途,表达概念模型与软件模型动态结构的图,D,否,-,C3,UML 的定义与图形工具分类
02333 软件工程 2020年10月,7,单选,C3,类图的创建步骤,不属于创建系统类图步骤的是,C,否,原卷答案无解析,C3,类图与类的建模
02333 软件工程 2020年10月,8,单选,C3,RUP精化阶段的目标,估算成本进度减少次要风险需完成的阶段,B,否,-,C3,RUP 的四个开发阶段
02333 软件工程 2020年10月,9,单选,C3,领域模型的表达,RUP中领域模型一般采用的图,C,否,-,C3,面向对象需求分析（OOA）与建模步骤
02333 软件工程 2020年10月,10,单选,C3,RUP设计阶段活动,RUP设计阶段主要活动不包含,A,否,-,C3,RUP 的四个开发阶段
02333 软件工程 2020年10月,11,单选,C5,错误失效故障的定义,与所规约的系统执行之间的偏差,B,否,-,C5,错误·故障·失效的定义
02333 软件工程 2020年10月,12,单选,C5,白盒测试的依据,白盒测试技术依据程序的什么,A,否,-,C5,白盒测试技术
02333 软件工程 2020年10月,13,单选,C1,软件生存周期的定义,软件生存周期是指,D,否,-,C1,软件过程与生存周期阶段
02333 软件工程 2020年10月,14,单选,C0,CMMI能力等级,CMMI针对每个过程域设定的能力等级最高级,C,是,"解析按成熟度等级作答，与题干""能力等级""表述不一致",C0,CMMI 能力等级与成熟度等级
02333 软件工程 2020年10月,15,单选,C0,CMMI过程域分类,CMMI 22个过程域4类中的第4类,B,是,"题干""CMMD""为CMMI的OCR错字",C0,CMMI 过程域、目标与最佳实践组织
02333 软件工程 2020年10月,16,填空,C1,软件开发的本质,本质是实现何种空间到何种空间的映射,问题空间；解空间,否,-,C1,软件开发的本质与基本途径
02333 软件工程 2020年10月,17,填空,C2,需求发现技术,无法验证需求正确性的需求发现技术,自悟,否,原题答案含自悟与提炼两项,C2,需求发现技术（交谈/观察/自悟/提炼）
02333 软件工程 2020年10月,18,填空,C2,加工小说明的表达工具,加工逻辑复杂时采用的表达工具,判定表；判定树,否,-,C2,加工小说明与加工的描述工具
02333 软件工程 2020年10月,19,填空,C2,变换型与事务型数据流图,数据流图的两种基本类型之一,变换型数据流图,否,-,C2,数据流图（DFD）符号·分层与绘制
02333 软件工程 2020年10月,20,填空,C2,结构化程序设计控制结构,选择(分支)结构的表达式表示,IF-THEN-ELSE,否,-,C2,详细设计工具与结构化程序设计
02333 软件工程 2020年10月,21,填空,C3,单继承与多继承,一个类有多个父类说明使用,多继承,否,-,C3,封装·继承·多态·重载
02333 软件工程 2020年10月,22,填空,C3,组合与聚合关系判别,学生只能属于一个班级的关联标识,组合,否,-,C3,组合·聚合与整体-部分关系
02333 软件工程 2020年10月,23,填空,C3,类图的三部分构成,类图包含类、关联、泛化及哪些元素,接口；依赖关系,否,-,C3,类图与类的建模
02333 软件工程 2020年10月,24,填空,C3,RUP的用况驱动与体系结构中心,RUP是以什么为驱动的迭代增量式开发,用况,否,-,C3,统一过程模型（RUP）概述
02333 软件工程 2020年10月,25,填空,C3,RUP部署模型的构成,RUP描述软件结构两个角度之一,系统部署模型,否,-,C3,RUP 各层的模型与活动
02333 软件工程 2020年10月,26,填空,C3,RUP的四层结构,RUP定义的层次中设计层与实现层,设计层；实现层,否,-,C3,RUP 的工作流与四层结构
02333 软件工程 2020年10月,27,填空,C5,软件测试过程环节,软件测试过程包含什么与测试执行等,测试设计,否,-,C5,软件测试的步骤与过程
02333 软件工程 2020年10月,28,填空,C0,ISO12207过程分类,基本过程5个中的开发过程与运行过程,开发过程；运行过程,是,-,C0,ISO/IEC 12207 软件生存周期过程分类
02333 软件工程 2020年10月,29,填空,C0,CMMI等级的评定用途,CMM两种等级可用于评定活动和什么,评定活动,是,"题干""Mm""为CMM的OCR错字",C0,CMMI 能力等级与成熟度等级
02333 软件工程 2020年10月,30,填空,C0,CMMI成熟度等级,成熟度等级共分为几个级别,5,是,"题干""CMM""为CMMI的旧称",C0,CMMI 能力等级与成熟度等级
02333 软件工程 2020年10月,31,简答,C2,需求规约的作用,简述需求规约的作用,技术合同书；管理控制点；设计起始点；验收测试与用户指南基础,否,-,C2,需求规约的定义与作用
02333 软件工程 2020年10月,32,简答,C2,总体设计的三个阶段,简述结构化方法总体设计的3个阶段,初始设计；精化设计；复审,否,-,C2,总体（概要）设计的任务与步骤
02333 软件工程 2020年10月,33,简答,C3,RUP用况模型的创建活动,建造需求获取模型的活动及各活动输入输出,发现参与者与用况；赋优先级；精华用况；构造接口原型；模型结构化,否,-,C3,用况图与用况建模
02333 软件工程 2020年10月,34,简答,C5,黑盒测试技术分类,简述黑盒测试概念并列举三种以上技术,只看外部输入输出；定义域/等价类划分/边界值/因果图,否,-,C5,黑盒测试技术（分类·事务流）
02333 软件工程 2020年10月,35,简答,C1,螺旋模型的概念,简述螺旋模型概念及其特点,瀑布与演化模型加入风险分析；标识问题选择方案并实施迭代,否,-,C1,螺旋模型
02333 软件工程 2020年10月,36,简答,C0,CMMI的基本思想,简述CMMI提出所基于的基本思想,过程途径集成人员规程工具；围绕开发维护运行组织最佳实践,是,-,C0,CMMI 过程域、目标与最佳实践组织
02333 软件工程 2020年10月,37,应用,C2,模块结构图的深度宽度与扇入扇出,求模块结构的深度宽度及模块j的扇入扇出,深度6；宽度6；j扇入1扇出2,否,题37模块结构图OCR缺失,C2,模块结构图的深度·宽度·扇入扇出·作用域
02333 软件工程 2020年10月,38,应用,C5,条件组合覆盖测试用例设计,程序段A被误写成B，设计测试用例,"列出4组条件；给出8个测试用例；X=88,Y=66可发现错误",否,程序段A/B图OCR缺失，覆盖类型据答案推断,C3,组合·聚合与整体-部分关系
02333 软件工程 2021年10月,1,单选,C1,计算机软件的定义,计算机软件一般是指计算机系统中的,B,否,-,C1,软件的定义与特点
02333 软件工程 2021年10月,2,单选,C2,单个需求的基本性质,软件需求的基本性质不包括,C,否,-,C2,单个需求的基本性质
02333 软件工程 2021年10月,3,单选,C2,需求工作面临的挑战,软件需求工作中通常面临的挑战不包括,D,否,-,C2,需求验证与需求工作的挑战
02333 软件工程 2021年10月,4,单选,C2,耦合类型判别,常见的模块间耦合中程度最高的是,A,否,"题干""控制帮合""为控制耦合的OCR错字",C2,耦合类型与设计原则
02333 软件工程 2021年10月,5,单选,C2,内聚类型判别,初始化系统模块内部成分的内聚类型,D,否,-,C2,内聚类型与设计原则
02333 软件工程 2021年10月,6,单选,C3,UML包机制,UML用于组织特定对象结构的机制,B,否,-,C3,包图与包机制
02333 软件工程 2021年10月,7,单选,C3,UML图形工具的用途,概念模型和软件模型动态结构的工具,B,否,-,C3,UML 的定义与图形工具分类
02333 软件工程 2021年10月,8,单选,C3,RUP精化阶段的目标,基本目标是估算成本进度的RUP阶段,C,否,-,C3,RUP 的四个开发阶段
02333 软件工程 2021年10月,9,单选,C3,分析类的三种类型,RUP需求分析中表示边界类的图形,A,否,选项为图形，OCR未保留,C3,分析类（边界类·实体类·控制类）
02333 软件工程 2021年10月,10,单选,C3,分析包的作用,体现局部化问题分离的分析模型元素,A,否,-,C3,包图与包机制
02333 软件工程 2021年10月,11,单选,C5,软件测试的目标,软件测试的首要目标,C,否,-,C5,软件测试的目的、原则与对象
02333 软件工程 2021年10月,12,单选,C5,错误失效故障的定义,与所期望的设计之间的偏差指,A,否,-,C5,错误·故障·失效的定义
02333 软件工程 2021年10月,13,单选,C5,单元测试的最后工作,单元测试中的最后工作,D,否,-,C5,单元测试（内容·依据·驱动桩）
02333 软件工程 2021年10月,14,单选,C0,ISO12207过程分类,按过程主体划分不包括的过程,D,是,-,C0,ISO/IEC 12207 软件生存周期过程分类
02333 软件工程 2021年10月,15,单选,C2,性能需求的判别,误报率小于1%~2%属于何种需求,B,否,-,C2,需求的分类与基本性质
02333 软件工程 2021年10月,16,简答,C1,软件系统模型分类,简述系统模型分类及各分类模型定义,概念模型描述是什么；软件模型分设计/实现/部署模型,否,-,C1,概念模型与软件模型（模型分类）
02333 软件工程 2021年10月,17,简答,C2,软件需求的分类及关系,简述软件需求的分类及其关系,功能与非功能需求；非功能含性能/接口/约束/质量属性,否,-,C2,需求的分类与基本性质
02333 软件工程 2021年10月,18,简答,C3,状态图的状态分类,简述状态图、状态及状态的分类,状态机强调控制流；状态分初态、终态和通常状态,否,-,C3,状态图与状态建模
02333 软件工程 2021年10月,19,简答,C3,RUP设计的突出特点,简述RUP设计的突出特点,公共思想思考设计并可视化；给出子系统与接口需求；支持分解,否,-,C3,统一过程模型（RUP）概述
02333 软件工程 2021年10月,20,简答,C7,软件过程管理的内容,简述软件生存周期过程的监控内容,进度跟踪；质量数据趋势；复审记录；变更趋势；资源使用；交谈,否,归章C7(过程管理)与C0(12207组织过程)存疑,C1,软件过程与生存周期阶段
02333 软件工程 2021年10月,21,简答,C0,CMMI的专用目标与共用目标,简述需求开发过程域的意图和专用目标,生成并分析客户/产品/部件需求；三个专用目标,是,-,C0,CMMI 过程域、目标与最佳实践组织
02333 软件工程 2021年10月,22,应用,C2,判定表的建立与化简,用判定表描述学生毕业学分要求,四类操作：毕业证/免修单科/留级/重修单科；判定表,否,"原卷判定表(""(2)判定表："")内容缺失",C2,判定表与判定树
02333 软件工程 2021年10月,23,应用,C5,逻辑覆盖测试用例设计,据流程图给出分支覆盖与条件覆盖用例,分支覆盖每分支至少执行一次；条件覆盖各条件取值至少一次,否,题38流程图OCR缺失,C5,逻辑覆盖与测试覆盖强弱
02333 软件工程 2021年10月,24,填空,C1,软件开发的本质,本质是抽象层术语与什么之间的映射,处理逻辑,否,-,C1,软件开发的本质与基本途径
02333 软件工程 2021年10月,25,填空,C2,需求规约的表达风格,需求规约的三种风格,非形式化；半形式化；形式化,否,-,C2,需求规约的表达风格与文档结构
02333 软件工程 2021年10月,26,填空,C2,需求发现技术,建立在已有项目文档基础上的需求发现技术,提炼,否,-,C2,需求发现技术（交谈/观察/自悟/提炼）
02333 软件工程 2021年10月,27,填空,C2,结构化分析的表达工具,结构化分析方法表达功能模型的工具,数据流图(DFD),否,-,C2,结构化分析方法与建模步骤
02333 软件工程 2021年10月,28,填空,C2,模块结构图的深度宽度与扇入扇出,粗略反映系统规模和复杂程度的量,深度,否,-,C2,模块结构图的深度·宽度·扇入扇出·作用域
02333 软件工程 2021年10月,29,填空,C2,结构化程序设计控制结构,基本控制结构中顺序与循环之外的第三种,选择(分支),否,-,C2,详细设计工具与结构化程序设计
02333 软件工程 2021年10月,30,填空,C3,用况图的模型元素,用况图6个模型元素中的两个,主题；用况,否,-,C3,用况图与用况建模
02333 软件工程 2021年10月,31,填空,C3,软件开发方法学三要素,方法学三要素中除术语与过程指导外的要素,表达格式,否,-,C1,软件开发的本质与基本途径
02333 软件工程 2021年10月,32,填空,C3,RUP的突出特点,RUP软件开发是以什么为驱动,用况,否,-,C3,统一过程模型（RUP）概述
02333 软件工程 2021年10月,33,填空,C5,静态评估与动态评估,软件评估可分为哪两类评估,静态；动态,否,归章C5(静态/动态测试)与C7(估算)存疑,C5,静态测试与静态分析
02333 软件工程 2021年10月,34,填空,C5,软件测试的定义,软件测试是按规程发现什么的过程,软件错误,否,-,C5,软件测试的目的、原则与对象
02333 软件工程 2021年10月,35,填空,C5,边界值分析,取等于刚大于刚小于输入范围值的测试技术,边界值分析,否,-,C5,边界值分析
02333 软件工程 2021年10月,36,填空,C5,软件测试的实施序列,软件产品测试中首先应进行的测试,单元测试,否,-,C5,软件测试综合
02333 软件工程 2021年10月,37,填空,C0,ISO12207过程分类,基本过程5个中的第4个过程,运行过程,是,-,C0,ISO/IEC 12207 软件生存周期过程分类
02333 软件工程 2021年10月,38,填空,C0,CMMI的两种过程改善路径,CMMI提供的两种过程改善路径,能力等级；成熟度等级,是,-,C0,CMMI 过程域、目标与最佳实践组织
02333 软件工程 2021年4月,1,单选,C1,软件工程的发展历程,60年代末至80年代初软件工程成果不包括,B,否,-,C1,软件工程的定义、研究领域与发展
02333 软件工程 2021年4月,2,单选,C2,单个需求的基本性质,不属于软件需求基本性质的是,B,否,-,C2,单个需求的基本性质
02333 软件工程 2021年4月,3,单选,C2,内聚类型判别,不属于常见内聚类型的是,C,否,-,C2,内聚类型与设计原则
02333 软件工程 2021年4月,4,单选,C2,详细设计工具的判别,用二维树形结构图表示控制流的工具,A,否,-,C2,详细设计工具与结构化程序设计
02333 软件工程 2021年4月,5,单选,C3,类图中属性与操作的识别,Shape类图中属性的个数,A,否,题5类图OCR缺失,C3,类图与类的建模
02333 软件工程 2021年4月,6,单选,C3,聚合关系的判别,题6图所示两个类的关联关系,B,否,题6图OCR缺失,C3,组合·聚合与整体-部分关系
02333 软件工程 2021年4月,7,单选,C3,用况图的模型元素,用况图的模型元素不包括,C,否,-,C3,用况图与用况建模
02333 软件工程 2021年4月,8,单选,C3,RUP的用况驱动与体系结构中心,RUP以用况为驱动以何为中心的迭代增量开发,A,否,-,C3,统一过程模型（RUP）概述
02333 软件工程 2021年4月,9,单选,C3,分析类的三种类型,分析类中属于控制类的图形,D,否,选项为图形，OCR未保留,C3,分析类（边界类·实体类·控制类）
02333 软件工程 2021年4月,10,单选,C3,RUP设计模型的成分,对比分析模型，设计模型内容不包括,D,否,答案无解析,C3,面向对象设计（OOD）准则与体系结构
02333 软件工程 2021年4月,11,单选,C5,软件测试与调试的区别,关于软件测试与调试论述错误的是,D,否,-,C5,调试（排错）技术
02333 软件工程 2021年4月,12,单选,C5,逻辑覆盖强弱关系,测试覆盖率最强的逻辑覆盖,A,否,-,C5,逻辑覆盖与测试覆盖强弱
02333 软件工程 2021年4月,13,单选,C5,有效性测试的目标,以发现功能与需求规格不一致为目标的测试,C,否,-,C5,确认测试与有效性测试
02333 软件工程 2021年4月,14,单选,C0,ISO12207过程分类,12207-2008中证实工作产品满足需求的过程,B,是,-,C0,ISO/IEC 12207 软件生存周期过程分类
02333 软件工程 2021年4月,15,单选,C0,CMMI能力等级,CMMI针对每个过程域设定的能力等级数量,C,是,-,C0,CMMI 能力等级与成熟度等级
02333 软件工程 2021年4月,16,填空,C1,软件开发的本质,实现问题空间到解空间映射的基本途径,系统建模,否,-,C1,软件开发的本质与基本途径
02333 软件工程 2021年4月,17,填空,C2,需求规约的基本性质,需求规约4个基本性质中的后两个,完整的；一致的,否,-,C2,需求规约的基本性质
02333 软件工程 2021年4月,18,填空,C2,数据字典选择结构表示,数据字典中客体可用哪三种基本结构表示,选择(分支)结构；重复(循环)结构,否,-,C2,数据字典的符号与条目
02333 软件工程 2021年4月,19,填空,C2,模块的定义,软件中具有特定标识的独立成分,模块,否,-,C2,模块、模块化与模块独立性
02333 软件工程 2021年4月,20,填空,C2,耦合类型判别,直接修改另一模块数据形成的耦合,内容耦合,否,-,C2,耦合类型与设计原则
02333 软件工程 2021年4月,21,填空,C3,用况图的模型元素,UML中表示用况的图形,实线椭圆,否,-,C3,用况图与用况建模
02333 软件工程 2021年4月,22,填空,C3,类图的三部分构成,类图包含类、关联、泛化、依赖及什么,接口,否,-,C3,类图与类的建模
02333 软件工程 2021年4月,23,填空,C3,UML图形工具的用途,支持系统功能建模与交互建模的图,用况图；交互图,否,-,C3,UML 的定义与图形工具分类
02333 软件工程 2021年4月,24,填空,C3,软件开发方法学三要素,方法学三部分中的术语与表达格式,术语；表达格式,否,-,C1,软件开发的本质与基本途径
02333 软件工程 2021年4月,25,填空,C3,RUP的核心工作流,RUP核心工作流中设计之前的工作流,分析,否,-,C3,RUP 的工作流与四层结构
02333 软件工程 2021年4月,26,填空,C3,RUP分析模型的创建活动,创建系统分析模型的4项活动之首,体系结构,否,-,C3,RUP 各层的模型与活动
02333 软件工程 2021年4月,27,填空,C5,回归测试的作用,集成测试中每当组合一个模块时进行的测试,回归,否,-,C5,系统测试与回归测试
02333 软件工程 2021年4月,28,填空,C5,白盒测试覆盖策略,白盒测试覆盖策略中的前两种,语句覆盖；分支覆盖,否,-,C5,逻辑覆盖与测试覆盖强弱
02333 软件工程 2021年4月,29,填空,C1,瀑布模型的特点,规定固定顺序与阶段输入的生存周期模型,瀑布模型,否,-,C1,瀑布模型
02333 软件工程 2021年4月,30,填空,C0,能力等级与成熟度等级区别,CMM能力等级与成熟度等级可用于评定活动和什么,估算,是,"题干""CMM""为CMMI的旧称",C0,能力等级与成熟度等级区别
02333 软件工程 2021年4月,31,简答,C2,需求规约的表达风格,简述需求规约的3种基本形式,非形式化；半形式化；形式化,否,-,C2,需求规约的表达风格与文档结构
02333 软件工程 2021年4月,32,简答,C2,PDL伪码的特点,简述PDL的特点,正文形式表示数据与处理；借结构化语言关键字；可作注释,否,-,C2,详细设计工具与结构化程序设计
02333 软件工程 2021年4月,33,简答,C3,状态转换的内容,简述状态图中一个状态转换涉及的内容,源状态；转移触发器；监护条件；效应；目标状态,否,-,C3,状态图与状态建模
02333 软件工程 2021年4月,34,简答,C5,软件测试的实施序列,简述合理的软件测试序列及各自关注点,单元测试；集成测试；有效性测试；系统测试及各关注点,否,-,C5,软件测试综合
02333 软件工程 2021年4月,35,简答,C1,生存周期模型选择步骤,简述选择合适的项目生存周期模型的步骤,标识可用SLCM；识别影响属性；标识约束；评估所选SLCM,否,-,C1,软件过程与生存周期阶段
02333 软件工程 2021年4月,36,简答,C7,项目规划过程域,简述项目规划包含的活动,估算工作产品与任务；确定资源；协商承诺；生成进度；分析风险,否,-,C7,项目规划过程域
02333 软件工程 2021年4月,37,应用,C2,模块结构图的深度宽度与扇入扇出,求模块k的控制域、结构宽度、扇入扇出,"控制域|k,o,p,q,r|；宽度7；k扇入3扇出4",否,题37体系结构图OCR缺失,C2,模块结构图的深度·宽度·扇入扇出·作用域
02333 软件工程 2021年4月,38,应用,C5,等价类划分用例设计,报表日期等价类选择并设计测试用例,有效等价类①⑦；无效③⑤⑥⑨；按位数与非数字设计用例,否,题38等价类表OCR缺失,C5,等价类划分
02333 软件工程 2022年10月,1,单选,C1,软件过程模型的辨识,为设计软件开发逻辑提供基础的模型不包括,A,否,-,C1,软件过程与生存周期阶段
02333 软件工程 2022年10月,2,单选,C2,软件需求的分类,根据软件需求分类，不同于其他三项的是,D,否,-,C2,需求的分类与基本性质
02333 软件工程 2022年10月,3,单选,C2,软件需求的分类,要求系统5秒内算出给定季度总销售税属于,C,否,-,C2,需求的分类与基本性质
02333 软件工程 2022年10月,4,单选,C2,数据流图的图形符号,数据流图中表示加工的图形是,B,否,选项为图形，OCR丢失,C2,数据流图（DFD）符号·分层与绘制
02333 软件工程 2022年10月,5,单选,C3,类图中属性与操作的识别,根据题5图所示，操作的数量有,C,否,题图缺失,C3,类图与类的建模
02333 软件工程 2022年10月,6,单选,C3,用况之间的关系,用况图中用况之间的关系不包含,D,否,-,C3,用况图与用况建模
02333 软件工程 2022年10月,7,单选,C3,状态图的用途,强调状态间控制流建模的工具是,C,否,-,C3,状态图与状态建模
02333 软件工程 2022年10月,8,单选,C3,用况模型的用途,用于捕获系统功能的制品是,D,否,-,C3,用况图与用况建模
02333 软件工程 2022年10月,9,单选,C3,RUP设计层的术语,RUP设计层中表达软件结构基本元素的术语不包括,B,否,-,C3,RUP 的工作流与四层结构
02333 软件工程 2022年10月,10,单选,C5,故障与错误失效的区分,“导致错误或失效的不正常的条件”指,C,否,-,C5,错误·故障·失效的定义
02333 软件工程 2022年10月,11,单选,C5,软件调试的特征,下列关于调试的描述正确的是,C,否,-,C5,调试（排错）技术
02333 软件工程 2022年10月,12,单选,C5,集成测试的目标,用于模块组合功能和软件结构检验的测试是,B,否,-,C5,组装（集成）测试
02333 软件工程 2022年10月,13,单选,C0,软件生存周期过程标准的分类,12207-2008七过程组中建立软件部分需求的是,B,是,-,C0,ISO/IEC 12207 软件生存周期过程分类
02333 软件工程 2022年10月,14,单选,C0,CMMI模型部件的符号,CMMI中实践部件的表示符号是,B,是,选项为图形，OCR丢失,C0,CMMI 过程域、目标与最佳实践组织
02333 软件工程 2022年10月,15,单选,C0,CMMI能力等级,CMMI能力等级中“已定义级”是,A,是,-,C0,CMMI 能力等级与成熟度等级
02333 软件工程 2022年10月,16,填空,C2,需求规约的基本性质,需求规约的4个基本性质之一：重要性和稳定性程度、___、完整、一致,可修改的,否,-,C2,需求规约的基本性质
02333 软件工程 2022年10月,17,填空,C2,数据流图的组成元素,DFD图元素主要有数据流、___、加工、数据源和数据潭,数据存储,否,题干“PDF图”为DFD图OCR误识,C2,数据流图（DFD）符号·分层与绘制
02333 软件工程 2022年10月,18,填空,C2,需求工作面临的挑战,需求工作面临的挑战是问题空间理解、通信和需求的___,变化性,否,-,C2,需求验证与需求工作的挑战
02333 软件工程 2022年10月,19,填空,C2,模块的作用域与控制域,模块本身及所有直接或间接从属于它的模块集合称该模块的___,控制域,否,-,C2,模块结构图的深度·宽度·扇入扇出·作用域
02333 软件工程 2022年10月,20,填空,C2,软件结构的深度与宽度,软件结构图中同一层次上模块总数的最大值称___,宽度,否,-,C2,模块结构图的深度·宽度·扇入扇出·作用域
02333 软件工程 2022年10月,21,填空,C3,协作的三要素,协作是交互，涉及交互各方、交互___和交互内容,方式,否,-,C3,顺序图（时序图）与协作
02333 软件工程 2022年10月,22,填空,C3,UML节点的定义,UML节点是运行时物理单元，是具有___和___能力的计算机资源,记忆；处理,否,-,C3,UML 的定义与图形工具分类
02333 软件工程 2022年10月,23,填空,C3,UML事件的类型划分,事件可细分为信号事件、___事件、___事件和变化事件,调用；时间,否,-,C3,UML 关系术语（关联/泛化/依赖）
02333 软件工程 2022年10月,24,填空,C3,RUP的迭代增量特征,RUP软件开发是以___为中心的迭代、增量式开发,体系结构,否,-,C1,增量模型
02333 软件工程 2022年10月,25,填空,C3,RUP的四个阶段,确保有实在产品发布给用户群时处于RUP的___阶段,移交,否,-,C3,RUP 的四个开发阶段
02333 软件工程 2022年10月,26,填空,C5,静态评估技术,常有的静态评估技术有___、___和形式化证明等,评审；走查,否,-,C5,静态测试与静态分析
02333 软件工程 2022年10月,27,填空,C5,软件测试的目标,软件测试的首要目标是___,预防错误,否,-,C5,软件测试的目的、原则与对象
02333 软件工程 2022年10月,28,填空,C1,软件在系统中的功能作用,软件执行系统中的___功能、___功能和自身提供的功能,控制；耦合,否,参考答案表述存疑,C1,软件的定义与特点
02333 软件工程 2022年10月,29,填空,C0,CMMI的来源,集成化能力成熟度模型由___CMM、___CMM和系统工程CMM集成而来,软件；产品集成开发,是,-,C0,CMMI 的三个源模型与集成思想
02333 软件工程 2022年10月,30,填空,C0,CMMI的两种过程改善路径,CMMI提供能力等级和___等级两种过程改善路径,成熟度,是,-,C0,CMMI 过程域、目标与最佳实践组织
02333 软件工程 2022年10月,31,简答,C1,软件开发的本质,简述实现软件开发本质的基本途径,本质是问题空间到解空间概念与处理逻辑的映射；基本途径是系统建模,否,-,C1,软件开发的本质与基本途径
02333 软件工程 2022年10月,32,简答,C2,初始需求发现技术,简述常用的初始需求发现技术,自悟；交谈；观察；小组会；提炼,否,-,C2,需求发现技术（交谈/观察/自悟/提炼）
02333 软件工程 2022年10月,33,简答,C3,UML关系术语与定义,简述UML表达客观事物之间关系的术语及定义,关联；泛化；细化；依赖,否,-,C3,UML 的定义与图形工具分类
02333 软件工程 2022年10月,34,简答,C3,RUP需求获取步骤,简述RUP需求获取的基本步骤,列出候选特征；理解系统语境；捕获功能需求；捕获非功能需求,否,-,C3,面向对象需求分析（OOA）与建模步骤
02333 软件工程 2022年10月,35,简答,C7,项目过程的建立,简述项目的过程建立所涉及的工作,选择并细化生存周期模型；标识实例数目；确定时序；建立文档,否,-,C7,项目过程的建立
02333 软件工程 2022年10月,36,简答,C0,项目规划过程域,简述项目规划过程域的意图和专用目标,建立并维护项目活动计划的定义；专用目标为估算规模、开发计划、获得承诺,是,-,C0,项目规划过程域
02333 软件工程 2022年10月,37,应用,C2,判定表的构造,门票预订系统判定表：列操作并给出最简判定表,操作：优惠18%、8%、30%、15%；最简判定表合并季节与订票数条件,否,题37表与最简判定表图形缺失,C2,判定表与判定树
02333 软件工程 2022年10月,38,应用,C5,逻辑覆盖的测试用例设计,程序段a、b取值，问分支覆盖与条件覆盖及最小用例集,分支覆盖：每个分支至少执行一次；条件覆盖：判定中各条件取值至少执行一次,否,参考答案仅给出(1)定义，(2)缺失,C5,逻辑覆盖与测试覆盖强弱
02333 软件工程 2022年4月,1,单选,C1,软件开发建模手段,软件开发领域可被采用的建模手段是,C,否,-,C1,软件开发的本质与基本途径
02333 软件工程 2022年4月,2,单选,C2,需求规约的基本性质,软件需求规约需满足的基本性质不包括,D,否,-,C2,需求规约的基本性质
02333 软件工程 2022年4月,3,单选,C2,数据字典的定义符号,“成绩”由语文数学英语构成，数据字典记为,A,否,-,C2,数据字典的符号与条目
02333 软件工程 2022年4月,4,单选,C2,内聚类型判别,内聚程度最高的内聚类型是,C,否,-,C2,内聚类型与设计原则
02333 软件工程 2022年4月,5,单选,C3,类图中属性与操作的识别,类伪代码定义中公有属性的数量是,B,否,题图缺失,C3,类图与类的建模
02333 软件工程 2022年4月,6,单选,C3,UML图形工具的用途,表达概念模型和软件模型动态结构的图形工具是,B,否,-,C3,UML 的定义与图形工具分类
02333 软件工程 2022年4月,7,单选,C3,UML事件的类型划分,不属于UML中的事件类型的是,D,否,-,C3,UML 关系术语（关联/泛化/依赖）
02333 软件工程 2022年4月,8,单选,C3,RUP分析类的图形符号,RUP中表示实体类的图形是,B,否,选项为图形，OCR丢失,C3,分析类（边界类·实体类·控制类）
02333 软件工程 2022年4月,9,单选,C3,RUP的三大特点,关于RUP描述错误的是,D,否,-,C3,统一过程模型（RUP）概述
02333 软件工程 2022年4月,10,单选,C5,静态评估技术,属于静态软件评估技术的是,A,否,-,C5,静态测试与静态分析
02333 软件工程 2022年4月,11,单选,C5,软件测试的步骤顺序,软件产品测试中合理的测试序列是,B,否,-,C5,软件测试综合
02333 软件工程 2022年4月,12,单选,C5,单元测试的目标与内容,集中于单个模块功能和结构检验的测试是,A,否,-,C5,单元测试（内容·依据·驱动桩）
02333 软件工程 2022年4月,13,单选,C0,软件生存周期过程标准的分类,12207-2008七过程组中证实软件工具产品的是,D,是,-,C0,ISO/IEC 12207 软件生存周期过程分类
02333 软件工程 2022年4月,14,单选,C0,CMMI模型部件的符号,CMMI模型部件中表示工作产品的符号是,C,是,选项为图形，OCR丢失,C0,CMMI 过程域、目标与最佳实践组织
02333 软件工程 2022年4月,15,单选,C0,CMMI能力等级,CMMI能力等级中“已执行级”是,A,是,-,C0,CMMI 能力等级与成熟度等级
02333 软件工程 2022年4月,16,简答,C1,软件开发的本质,简述软件开发的本质以及所涉及的问题,本质是问题空间到解空间概念与处理逻辑的映射；涉及如何实现映射与如何管理映射,否,-,C1,软件开发的本质与基本途径
02333 软件工程 2022年4月,17,简答,C2,需求规约与项目需求的区别,需求规约与项目需求有哪些不同,需求规约关注产品需求（交付什么）；项目需求关注项目工作与管理（开发组做什么）,否,-,C2,需求规约的定义与作用
02333 软件工程 2022年4月,18,简答,C3,用况图的模型元素,简述用况图的概念、包含的模型元素及其关系,主题；用况；参与者；关联；泛化；依赖；关联是参与者与用况的唯一关系,否,-,C3,用况图与用况建模
02333 软件工程 2022年4月,19,简答,C3,RUP用况模型的创建活动,为创建系统用况模型，RUP应进行哪些活动,发现并描述参与者与用况；确定优先级；精化用况；构造界面原型；用况模型结构化,否,-,C3,用况图与用况建模
02333 软件工程 2022年4月,20,简答,C1,生存周期过程模型与过程管理关系,简述生存周期过程、生存周期模型、项目过程管理的关系,过程回答做哪些工作；模型回答如何组织活动；过程管理回答如何管理；过程是基础,否,-,C1,软件过程与生存周期阶段
02333 软件工程 2022年4月,21,简答,C0,CMMI的基本思想,简述CMMI提出所基于的基本思想,基于过程途径思想，通过过程集成人员、规程方法、工具设备三个质量支撑点,是,-,C0,CMMI 过程域、目标与最佳实践组织
02333 软件工程 2022年4月,22,应用,C2,模块结构图的深度宽度与扇入扇出,模块结构图求深度宽度、扇入扇出为2的模块、作用域与控制域,深度5宽8；扇入2为F*LNV；扇出2为CDEN；作用域INRU；控制域F*NOPTU,否,题图缺失，答案依参考答案,C2,模块结构图的深度·宽度·扇入扇出·作用域
02333 软件工程 2022年4月,23,应用,C5,逻辑覆盖的测试用例设计,程序段求语句覆盖与分支覆盖及最小测试用例集,"语句覆盖：所有语句至少执行一次，最小集[(2,0,1),(2,0,2)]；分支覆盖同理",否,参考答案(2)最小测试集缺失,C5,逻辑覆盖与测试覆盖强弱
02333 软件工程 2022年4月,24,填空,C2,软件需求的分类,软件需求分类通常分为___需求和___需求,功能；非功能,否,-,C2,需求的分类与基本性质
02333 软件工程 2022年4月,25,填空,C2,需求规约的表达风格,基于数学概念符号体系编制需求规约的风格属___规约,形式化,否,-,C2,需求规约的表达风格与文档结构
02333 软件工程 2022年4月,26,填空,C2,数据流图的组成元素,DFD一般包含数据流、数据存储、加工、___和___,数据源；数据潭,否,-,C2,数据流图（DFD）符号·分层与绘制
02333 软件工程 2022年4月,27,填空,C2,详细设计工具的种类,经典详细设计具有程序流程图、___、PAD图和PDL,盒图,否,-,C2,详细设计工具与结构化程序设计
02333 软件工程 2022年4月,28,填空,C2,耦合的定义与判别,模块间通过简单参数传递数据，耦合类型是___耦合,数据,否,-,C2,耦合类型与设计原则
02333 软件工程 2022年4月,29,填空,C3,关联的多重性,类中对象参与一个关联的数目称该关联的___,多重性,否,-,C3,关联、多重性与限定符
02333 软件工程 2022年4月,30,填空,C3,类成员的可见性判别,表示类属性或操作“受保护的”关键字是___,protected,否,-,C3,类与对象的概念、构成与可见性
02333 软件工程 2022年4月,31,填空,C3,状态图的状态分类,UML把状态图的状态分为初态、终态和___,通常状态,否,-,C3,状态图与状态建模
02333 软件工程 2022年4月,32,填空,C3,UML事件的类型划分,UML中事件通常可分为___事件和___事件,内部；外部,否,-,C3,UML 关系术语（关联/泛化/依赖）
02333 软件工程 2022年4月,33,填空,C3,RUP分析类的种类,RUP中分析类分为___、实体类和控制类三种,边界类,否,-,C3,分析类（边界类·实体类·控制类）
02333 软件工程 2022年4月,34,填空,C3,RUP的四个阶段,目标是开发完整系统并开始向用户支付的阶段是___,构造,否,-,C3,RUP 的四个开发阶段
02333 软件工程 2022年4月,35,填空,C5,黑盒测试技术,经典的黑盒测试技术有___、___和因果图等,等价类划分；边界值分析,否,-,C5,黑盒测试技术（分类·事务流）
02333 软件工程 2022年4月,36,填空,C5,测试用例设计前的建模,测试用例设计前应建立环境模型、被测对象模型和___,错误模型,否,-,C5,测试用例设计前的建模
02333 软件工程 2022年4月,37,填空,C0,CMMI的两种过程改善路径,CMMI两种改善路径是能力等级和___等级，意在改进组织___,成熟度；整体性能,是,-,C0,CMMI 过程域、目标与最佳实践组织
02333 软件工程 2022年4月,38,填空,C0,需求开发过程域,需求开发过程域意图是生成客户需求、___需求和产品部件需求,产品需求,是,-,C0,需求开发过程域
02333 软件工程 2023年10月,1,单选,C1,软件危机的定义,软件生产率与质量满足不了社会需求的现象被称为,C,否,-,C1,软件危机（含义·表现·成因）
02333 软件工程 2023年10月,2,单选,C1,概念模型与软件模型,“描述了系统是什么”的系统模型是,A,否,-,C1,概念模型与软件模型（模型分类）
02333 软件工程 2023年10月,3,单选,C2,功能需求是需求的主体,一般来说，整个需求的主体是,B,否,-,C2,需求的分类与基本性质
02333 软件工程 2023年10月,4,单选,C2,软件需求的分类,“数据A是一种持久性的数据”属于哪类需求,D,否,参考答案D（性能需求），与题干语义存疑,C2,需求的分类与基本性质
02333 软件工程 2023年10月,5,单选,C2,数据流图的组成元素,结构化分析方法中“数据的变换单元”指的是,A,否,-,C2,数据流图（DFD）符号·分层与绘制
02333 软件工程 2023年10月,6,单选,C2,详细设计工具的种类,典型的详细设计工具是,B,否,-,C2,详细设计工具与结构化程序设计
02333 软件工程 2023年10月,7,单选,C2,扇入扇出与模块重用,模块结构图中重用率高的模块所具有的特征是,C,否,-,C2,模块结构图的深度·宽度·扇入扇出·作用域
02333 软件工程 2023年10月,8,单选,C3,UML关系术语与定义,表达“自行车”与“永久牌自行车”关系的术语是,C,否,-,C3,UML 的定义与图形工具分类
02333 软件工程 2023年10月,9,单选,C3,UML图形工具的用途,属于描述静态结构的UML图形化工具的是,D,否,-,C3,UML 的定义与图形工具分类
02333 软件工程 2023年10月,10,单选,C3,RUP需求获取技术,RUP获取需求采用的技术是,D,否,-,C3,面向对象需求分析（OOA）与建模步骤
02333 软件工程 2023年10月,11,单选,C5,白盒测试技术,属于典型的白盒测试技术的是,B,否,-,C5,白盒测试技术
02333 软件工程 2023年10月,12,单选,C5,单元测试的目标与内容,单元测试的主要检验对象是,C,否,-,C5,单元测试（内容·依据·驱动桩）
02333 软件工程 2023年10月,13,单选,C0,软件生存周期过程标准的分类,12207-1995把生存周期过程分为基本、支持和___过程,D,是,-,C0,ISO/IEC 12207 软件生存周期过程分类
02333 软件工程 2023年10月,14,单选,C1,螺旋模型的构成与风险分析,螺旋模型在哪两种模型基础上加入风险分析,D,否,-,C1,螺旋模型
02333 软件工程 2023年10月,15,单选,C0,CMMI能力等级,CMMI能力等级的2级是指,B,是,-,C0,CMMI 能力等级与成熟度等级
02333 软件工程 2023年10月,16,填空,C1,软件工程的发展历程,80年代以来软件生产技术研究特别是软件生产管理和___,软件复用技术,否,-,C1,软件工程的定义、研究领域与发展
02333 软件工程 2023年10月,17,填空,C1,软件开发的本质,技术层面涉及了___和过程方向两方面内容,过程途径,否,-,C1,软件开发的本质与基本途径
02333 软件工程 2023年10月,18,填空,C2,需求规约的文档结构,需求规约中___是文档的技术核心,特定需求,否,-,C2,需求规约的表达风格与文档结构
02333 软件工程 2023年10月,19,填空,C2,数据字典的条目,数据字典三种条目：数据流条目、数据存储条目和___条目,数据项,否,-,C2,数据字典的符号与条目
02333 软件工程 2023年10月,20,填空,C2,模块精化设计的目标,模块精化设计基于___耦合高内聚原则，提高模块的___,低；独立性,否,-,C2,模块精化设计的目标
02333 软件工程 2023年10月,21,填空,C2,变换分析与事务分析,结构化设计针对数据流图提出___设计和___设计,变换；事务,否,-,C2,变换型与事务型分析（SC 图设计）
02333 软件工程 2023年10月,22,填空,C3,UML关系术语与定义,UML认为客观事物之间的关系都可用___来规约,依赖,否,-,C3,UML 的定义与图形工具分类
02333 软件工程 2023年10月,23,填空,C3,用况之间的关系,用况之间具有3种关系，即___、___和泛化,包含；扩展,否,-,C3,用况图与用况建模
02333 软件工程 2023年10月,24,填空,C3,RUP的迭代增量特征,RUP迭代增量开发规定了“大的”迭代___和每次迭代的___,数目；目标,否,-,C1,增量模型
02333 软件工程 2023年10月,25,填空,C5,等价类划分方法,"输入值为[1,100]时按等价类划分可得___个无效等价类",2,否,-,C5,等价类划分
02333 软件工程 2023年10月,26,填空,C5,有效性测试的目标,有效性测试发现软件实现的功能与___不一致的错误,需求规约,否,-,C5,确认测试与有效性测试
02333 软件工程 2023年10月,27,填空,C1,喷泉模型的适用场合,主要用于支持面向对象技术软件开发的生存周期模型是___,喷泉模型,否,-,C1,喷泉模型
02333 软件工程 2023年10月,28,填空,C0,软件验证过程的任务,软件验证过程的任务有需求、设计、___、集成和___验证,代码；文档,是,-,C0,软件验证过程的任务
02333 软件工程 2023年10月,29,填空,C0,CMMI的基本思想,CMMI基于___思想，通过过程集成软件质量3个支撑点,过程途径,是,-,C0,CMMI 过程域、目标与最佳实践组织
02333 软件工程 2023年10月,30,填空,C0,CMMI的专用目标与共用目标,表征过程制度化程度的共用目标有___个,6,是,参考答案6，与CMMI标准5个共用目标存疑,C0,CMMI 过程域、目标与最佳实践组织
02333 软件工程 2023年10月,31,简答,C1,软件工程的定义与目的,简述软件工程的定义和目的,按预算和进度实现满足用户要求的软件产品的工程；目的是解决软件危机,否,-,C1,软件工程的定义、研究领域与发展
02333 软件工程 2023年10月,32,简答,C2,需求规约的基本性质,简述需求规约的定义和基本性质,所有需求陈述的正式文档；性质：重要性和稳定性程度、可修改的、完整的、一致的,否,-,C2,需求规约的基本性质
02333 软件工程 2023年10月,33,简答,C2,模块的作用域与控制域,简述模块的控制域和作用域及它们遵循的原则,控制域为自身及所属模块集合；作用域为受其判定影响的模块集合；作用域应在控制域内,否,-,C2,模块结构图的深度·宽度·扇入扇出·作用域
02333 软件工程 2023年10月,34,简答,C3,类与类图的概念及构成,简述类和类图的概念及各自的构成成分,类是相同属性操作语义的对象描述，含类名属性操作；类图含类、接口、关联、泛化、依赖,否,-,C3,类与对象的概念、构成与可见性
02333 软件工程 2023年10月,35,简答,C5,软件调试的特征,对比软件测试，简述调试的特征,调试为证明程序员正确；以不可知内部条件开始；不受时间约束；是推理过程,否,-,C5,调试（排错）技术
02333 软件工程 2023年10月,36,简答,C1,瀑布模型及适用情况,简述瀑布模型以及适用的情况,各项活动按固定顺序连接成若干阶段；适用于需求已被很好理解且组织熟悉该过程,否,-,C1,瀑布模型
02333 软件工程 2023年10月,37,应用,C2,数据流图的元素识别,飞机票预订系统数据流图填空：数据源、数据潭、加工等,数据源：旅行社；数据潭：旅客；加工：预订机票、准备机票、记账；数据存储：航班目录,否,数据流图缺失，填空依参考答案,C2,数据流图（DFD）符号·分层与绘制
02333 软件工程 2023年10月,38,应用,C5,逻辑覆盖的测试用例设计,给流程图与测试用例表，求语句、分支、条件覆盖最小用例集,语句覆盖：所有语句至少执行一次取①；分支覆盖：每个分支执行一次；条件覆盖：各条件取值至少一次,否,用例编号组合OCR错乱，仅保留覆盖准则,C5,逻辑覆盖与测试覆盖强弱
02333 软件工程 2023年4月,1,单选,C1,概念模型与软件模型,设计模型、实现模型以及部署模型可归类为,B,否,-,C1,概念模型与软件模型（模型分类）
02333 软件工程 2023年4月,2,单选,C2,初始需求发现技术,适用于已有部分需求文档的需求发现技术是,D,否,-,C2,需求发现技术（交谈/观察/自悟/提炼）
02333 软件工程 2023年4月,3,单选,C2,加工小说明的表达工具,不属于常见加工表达工具的是,D,否,-,C2,加工小说明与加工的描述工具
02333 软件工程 2023年4月,4,单选,C2,内聚类型判别,模块含添加、删除、修改三种操作，其内聚类型是,D,否,参考答案D，解析讲的是通信内聚，存疑,C2,内聚类型与设计原则
02333 软件工程 2023年4月,5,单选,C3,类图中属性与操作的识别,根据图所示，公有操作的数量有,C,否,题图缺失,C3,类图与类的建模
02333 软件工程 2023年4月,6,单选,C3,包图的依赖关系,描述模型化包之间关系，UML给出引入依赖和,A,否,-,C3,包图与包机制
02333 软件工程 2023年4月,7,单选,C3,RUP分析类的种类,RUP中规约系统与参与者之间交互的分析类是,C,否,-,C3,分析类（边界类·实体类·控制类）
02333 软件工程 2023年4月,8,单选,C3,RUP的核心工作流,RUP核心工作流包含需求获取、分析、设计、实现以及,D,否,-,C3,RUP 的工作流与四层结构
02333 软件工程 2023年4月,9,单选,C5,软件测试的特征,下列关于测试的描述错误的是,D,否,-,C5,软件测试的目的、原则与对象
02333 软件工程 2023年4月,10,单选,C5,单元测试的目标与内容,软件单元测试首先测试的是,A,否,参考答案A，与教材单元测试内容顺序存疑,C5,单元测试（内容·依据·驱动桩）
02333 软件工程 2023年4月,11,单选,C5,有效性测试的目标,验证软件需求的可追溯性的测试是,C,否,-,C5,确认测试与有效性测试
02333 软件工程 2023年4月,12,单选,C0,软件验证过程的任务,12207-2008软件验证过程的任务不包含,B,是,-,C0,软件验证过程的任务
02333 软件工程 2023年4月,13,单选,C1,瀑布模型及适用情况,开发小组非常熟悉项目需求时最适用的模型是,A,否,-,C1,瀑布模型
02333 软件工程 2023年4月,14,单选,C0,CMMI过程域的分类,需求开发、确认、验证过程域可归类为,B,是,解析将需求管理列入工程类，与CMMI-DEV官方分类不同,C0,CMMI 过程域、目标与最佳实践组织
02333 软件工程 2023年4月,15,单选,C0,CMMI成熟度等级,CMMI的成熟度等级共有,C,是,-,C0,CMMI 能力等级与成熟度等级
02333 软件工程 2023年4月,16,填空,C1,软件工程的定义与目的,软件工程的目的是倡导以工程的原理、___和方法开发软件,原则,否,-,C1,软件工程的定义、研究领域与发展
02333 软件工程 2023年4月,17,填空,C2,功能需求是需求的主体,需求分析阶段，___是整个需求的主体,功能需求,否,-,C2,需求的分类与基本性质
02333 软件工程 2023年4月,18,填空,C2,结构化方法的构成,结构化方法包括___方法、结构化设计方法和结构化程序设计方法,结构化分析,否,-,C2,结构化分析方法与建模步骤
02333 软件工程 2023年4月,19,填空,C2,耦合的定义与判别,模块独立性指标中，___是不同模块之间相互依赖的度量,耦合,否,-,C2,耦合类型与设计原则
02333 软件工程 2023年4月,20,填空,C2,详细设计工具的种类,典型详细设计工具主要有___、盒图、PAD图和PDL,程序流程图,否,-,C2,详细设计工具与结构化程序设计
02333 软件工程 2023年4月,21,填空,C3,类与类图的概念及构成,描述一组具有相同属性、操作、关系和语义的对象的术语是___,类,否,-,C3,类与对象的概念、构成与可见性
02333 软件工程 2023年4月,22,填空,C3,类图的作用与用途,类图可用于描述___模型和___模型的静态结构,概念；软件,否,-,C3,类图与类的建模
02333 软件工程 2023年4月,23,填空,C3,RUP需求获取技术,RUP采用___技术获取需求，用UML中的___、参与者等术语抽象问题,Use Case（用况）；Use Case,否,-,C3,面向对象需求分析（OOA）与建模步骤
02333 软件工程 2023年4月,24,填空,C3,RUP分析模型的创建活动,创建分析模型应进行___、体系结构分析、___的分析和包的分析,用况分析；类,否,-,C3,RUP 各层的模型与活动
02333 软件工程 2023年4月,25,填空,C5,黑盒测试技术,黑盒测试技术包括事务处理流程技术、状态测试技术和___,定义域测试技术,否,-,C5,黑盒测试技术（分类·事务流）
02333 软件工程 2023年4月,26,填空,C0,软件生存周期过程标准的分类,12207-1995分为___个基本过程、8个支持过程和___个组织过程,5；4,是,-,C0,ISO/IEC 12207 软件生存周期过程分类
02333 软件工程 2023年4月,27,填空,C5,集成测试的组装方式,集成测试可采用___和___两种集成方式递增组装软件,自顶向下；自底向上,否,-,C5,组装（集成）测试
02333 软件工程 2023年4月,28,填空,C1,螺旋模型的构成与风险分析,螺旋模型在瀑布模型和演化模型基础上加入___,风险分析,否,-,C1,螺旋模型
02333 软件工程 2023年4月,29,填空,C0,CMMI的专用目标与共用目标,CMMI每个过程域有确定专用目标和___目标,共用,是,-,C0,CMMI 过程域、目标与最佳实践组织
02333 软件工程 2023年4月,30,填空,C7,工作分解结构WBS的作用,建立顶层工作分解结构WBS的目的是估算___,项目范围,否,-,C2,模块、模块化与模块独立性
02333 软件工程 2023年4月,31,简答,C1,计算机软件的定义,简述计算机软件的定义,计算机系统的程序及其文档；程序是处理对象与处理规则的描述；文档是阐述性资料,否,-,C1,软件的定义与特点
02333 软件工程 2023年4月,32,简答,C2,需求的基本性质,简述需求的基本性质,必要的；无歧义的；可测量的；可跟踪的；可测的,否,-,C2,单个需求的基本性质
02333 软件工程 2023年4月,33,简答,C3,创建系统类图的工作,简述创建系统类图所涉及的工作,模型化概念、关系形成类图；模型化协作给出最终类图；模型化逻辑数据库模式,否,-,C3,类图与类的建模
02333 软件工程 2023年4月,34,简答,C3,RUP用况模型的创建活动,简述RUP创建系统用况模型应进行的活动,发现并描述参与者与用况；确定优先级；精化用况；构造界面原型；用况模型结构化,否,-,C3,用况图与用况建模
02333 软件工程 2023年4月,35,简答,C1,软件生存周期模型的定义,简述软件生存周期模型,是包括产品开发运行维护中过程、活动与任务的框架；为组织开发活动提供指导,否,-,C1,软件过程与生存周期阶段
02333 软件工程 2023年4月,36,简答,C0,能力等级与成熟度等级的区别,简述能力等级和成熟度等级之间的区别和联系,能力等级改善单一过程域；成熟度等级改善一组过程域；均按共用目标由弱到强,是,-,C0,能力等级与成熟度等级的区别
02333 软件工程 2023年4月,37,应用,C2,模块结构图的深度宽度与扇入扇出,模块结构图求深度宽度、扇入扇出为3的模块、作用域与控制域,-,否,参考答案与题图均缺失,C2,模块结构图的深度·宽度·扇入扇出·作用域
02333 软件工程 2023年4月,38,应用,C5,原卷截断待补,原卷末题，题干缺失,-,否,原卷截断：题干与参考答案均缺失，章与题型为推测,C5,原卷截断待补
02333 软件工程 2024年10月,1,单选,C1,软件危机与软件工程定义,20世纪60年代以来软件生产率与质量不足的制约现象,C,否,-,C1,软件危机（含义·表现·成因）
02333 软件工程 2024年10月,2,单选,C1,软件系统模型分类,软件系统模型大体上可分为哪两类,A,否,-,C1,概念模型与软件模型（模型分类）
02333 软件工程 2024年10月,3,单选,C2,性能需求判定,“系统应在1min内计算出给定月份总销售额”属于哪类需求,B,否,-,C2,需求的分类与基本性质
02333 软件工程 2024年10月,4,单选,C2,需求规约的作用,关于需求规约作用说法错误的是,C,否,-,C2,需求规约的定义与作用
02333 软件工程 2024年10月,5,单选,C2,内聚类型判别,最理想的内聚是,D,否,-,C2,内聚类型与设计原则
02333 软件工程 2024年10月,6,单选,C1,软件生存周期模型分类,不属于软件生存周期模型的是,C,否,-,C1,软件过程与生存周期阶段
02333 软件工程 2024年10月,7,单选,C0,CMMI成熟度等级划分,CMMI按专用目标、共用目标组织为几个成熟度等级,B,是,-,C0,CMMI 能力等级与成熟度等级
02333 软件工程 2024年10月,8,单选,C2,数据字典定义符号,数据字典中“=”表示的含义,A,否,-,C2,数据字典的符号与条目
02333 软件工程 2024年10月,9,单选,C2,内聚类型判别,一个成分的输出作为另一个成分输入的内聚类型,D,否,-,C2,内聚类型与设计原则
02333 软件工程 2024年10月,10,单选,C2,耦合类型判别,直接修改另一模块数据或非正常入口转入的耦合,A,否,-,C2,耦合类型与设计原则
02333 软件工程 2024年10月,11,单选,C2,盒图的优点与特点,盒图的优点是,C,否,-,C2,详细设计工具与结构化程序设计
02333 软件工程 2024年10月,12,单选,C5,逻辑覆盖强弱关系,四种逻辑覆盖中发现错误能力最弱的是,C,否,-,C5,逻辑覆盖与测试覆盖强弱
02333 软件工程 2024年10月,13,单选,C1,喷泉模型的用途,主要用于支持面向对象技术的软件开发模型,B,否,-,C1,喷泉模型
02333 软件工程 2024年10月,14,单选,C3,UML类可见性符号,UML类可见性中的“#”表示的含义,C,否,-,C3,类与对象的概念、构成与可见性
02333 软件工程 2024年10月,15,单选,C3,UML状态类型划分,不属于UML状态3类的是,D,否,-,C3,UML状态类型划分
02333 软件工程 2024年10月,16,填空,C2,数据字典的作用,数据字典是用来定义_____中各个成分的具体含义,数据结构,否,-,C2,数据字典的符号与条目
02333 软件工程 2024年10月,17,填空,C2,模块设计基本原则,模块设计的基本原则是_____,自顶向下；功能分解,否,-,C2,模块、模块化与模块独立性
02333 软件工程 2024年10月,18,填空,C3,接口与操作的定义,接口中每个操作描述类、构件或子系统的一个_____,服务,否,-,C3,接口与操作
02333 软件工程 2024年10月,19,填空,C2,耦合概念与度量,耦合是指不同模块之间_____的度量,相互依赖程度,否,-,C2,耦合类型与设计原则
02333 软件工程 2024年10月,20,填空,C3,RUP迭代增量特点,RUP是以用况驱动、体系结构为中心的什么开发,迭代,否,-,C1,增量模型
02333 软件工程 2024年10月,21,填空,C5,软件测试技术分类,软件测试的两种主要技术为_____和黑盒测试技术,白盒测试技术,否,-,C5,软件测试综合
02333 软件工程 2024年10月,22,填空,C5,软件测试的目的与作用,软件测试是保障_____和软件产品质量的一种重要手段,软件过程质量,否,-,C5,软件测试的目的、原则与对象
02333 软件工程 2024年10月,23,填空,C3,协作的交互三要素,协作三要素：交互各方、_____以及交互方式,交互内容,否,参考答案作“交互方式”，与题干重复，疑为笔误,C3,顺序图（时序图）与协作
02333 软件工程 2024年10月,24,填空,C3,关联的多重性,类中对象参与一个关联的数目称为关联的_____,多重性,否,-,C3,关联、多重性与限定符
02333 软件工程 2024年10月,25,填空,C0,CMMI过程途径思想,CMMI基于_____思想集成软件质量的3个支撑点,过程途径,是,-,C0,CMMI 过程域、目标与最佳实践组织
02333 软件工程 2024年10月,26,简答,C2,需求验证的五性质,需求验证应验证需求规格说明书中每一单一需求满足的5个性质,必要性；无歧义性；可测性；可跟踪性；可测量性,否,-,C2,需求验证与需求工作的挑战
02333 软件工程 2024年10月,27,简答,C3,RUP与UML的关系辨析,简述RUP和UML的关系,二者构成软件开发方法学；UML提供术语与建模工具；RUP定义各层模型及映射活动,否,-,C3,RUP 的定义与特点
02333 软件工程 2024年10月,28,简答,C2,耦合类型判别,简述五种常见的模块间耦合类型,内容耦合；公共耦合；控制耦合；标记耦合；数据耦合,否,-,C2,耦合类型与设计原则
02333 软件工程 2024年10月,29,简答,C1,螺旋模型的四个象限,螺旋模型在笛卡尔坐标4个象限分别表达哪4方面活动,制订计划；风险分析；实施工程；客户评估,否,-,C1,螺旋模型
02333 软件工程 2024年10月,30,简答,C3,UML图形工具分类,写出UML 13种图形化工具中的五种,类图；对象图；构件图；包图；部署图,否,-,C3,UML 的定义与图形工具分类
02333 软件工程 2024年10月,31,简答,C5,路径选取的一般原则,简述路径测试中路径选取的一般原则,选最简单、具功能含义的入口/出口路径；选无循环短简单路径；分析无功能含义的路径,否,-,C5,路径测试技术
02333 软件工程 2024年10月,32,应用,C2,流程图转换为盒图,计算斐波那契数列前n项和，将程序流程图转换为盒图,-,否,参考答案为图，OCR未含图形内容,C2,详细设计工具与结构化程序设计
02333 软件工程 2024年10月,33,应用,C2,数据流图绘制,患者监护系统要求画数据流图,-,否,参考答案为图，OCR未含图形内容,C2,数据流图（DFD）符号·分层与绘制
02333 软件工程 2024年10月【广东】,1,单选,C1,软件系统模型分类,在需求阶段创建的模型称为,A,否,-,C1,概念模型与软件模型（模型分类）
02333 软件工程 2024年10月【广东】,2,单选,C2,质量属性需求判定,学习和使用一个软件系统的容易程度属于非功能需求中的,D,否,-,C2,需求的分类与基本性质
02333 软件工程 2024年10月【广东】,3,单选,C2,详细设计工具选择,不适合用于详细设计的方法,B,否,-,C2,详细设计工具与结构化程序设计
02333 软件工程 2024年10月【广东】,4,单选,C3,UML类可见性符号,UML类图中“~”表示的属性可见性,D,否,-,C3,类与对象的概念、构成与可见性
02333 软件工程 2024年10月【广东】,5,单选,C3,用况之间的关系,用况之间的关系不包括,C,否,-,C3,用况图与用况建模
02333 软件工程 2024年10月【广东】,6,单选,C3,RUP以用况为驱动,RUP中获取需求采用的技术,B,否,-,C3,统一过程模型（RUP）概述
02333 软件工程 2024年10月【广东】,7,单选,C5,错误失效故障的定义,与所规约的系统执行之间的偏差称为,B,否,-,C5,错误·故障·失效的定义
02333 软件工程 2024年10月【广东】,8,单选,C1,瀑布模型的特点,将生存周期活动规定为按固定顺序连接若干阶段的模型,A,否,-,C1,瀑布模型
02333 软件工程 2024年10月【广东】,9,单选,C0,CMMI过程域类别划分,配置管理属于CMMI中的哪类过程域,C,是,-,C0,CMMI 过程域、目标与最佳实践组织
02333 软件工程 2024年10月【广东】,10,单选,C0,CMMI能力等级划分,在CMMI能力等级中已执行级属于,B,是,-,C0,CMMI 能力等级与成熟度等级
02333 软件工程 2024年10月【广东】,11,单选,C2,质量属性需求判定,下列需求属于非功能需求中质量属性的是,D,否,-,C2,需求的分类与基本性质
02333 软件工程 2024年10月【广东】,12,单选,C2,DFD的数据存储符号,结构化分析方法中哪个图表示数据存储,C,否,选项为图形，OCR缺失,C2,数据流图（DFD）符号·分层与绘制
02333 软件工程 2024年10月【广东】,13,单选,C3,类的操作定义,对一个类中所有对象要做的事情的抽象,D,否,-,C3,类与对象的概念、构成与可见性
02333 软件工程 2024年10月【广东】,14,单选,C3,分析类的类型,UML类图中规约系统与其他参与者之间交互的类,A,否,-,C3,分析类（边界类·实体类·控制类）
02333 软件工程 2024年10月【广东】,15,单选,C3,分析模型的特点,下列属于分析模型的特点的是,A,否,-,C3,分析模型的特点
02333 软件工程 2024年10月【广东】,16,填空,C2,模块结构图的定义,结构化设计阶段描述软件“宏观”结构的图形或工具,模块结构图,否,-,C2,变换型与事务型分析（SC 图设计）
02333 软件工程 2024年10月【广东】,17,填空,C2,需求发现方法识别,复审技术文档并提取相关信息的需求发现方法,提炼,否,-,C2,需求发现技术（交谈/观察/自悟/提炼）
02333 软件工程 2024年10月【广东】,18,填空,C2,数据字典记录结构定义,“地址”由省、市、区和街道构成时的数据字典记录定义,地址=省+市+区+街道,否,-,C2,数据字典的符号与条目
02333 软件工程 2024年10月【广东】,19,填空,C3,细化关系的定义,一个类目规约了保证另一个类目执行的契约,细化（实现）,否,-,C3,组合·聚合与整体-部分关系
02333 软件工程 2024年10月【广东】,20,填空,C2,变换型数据流图,具有明显输入/变换/输出部分界面的数据流图,变换型,否,-,C2,数据流图（DFD）符号·分层与绘制
02333 软件工程 2024年10月【广东】,21,填空,C2,耦合类型判别,两个模块之间存在很强的依赖称为,高耦合,否,-,C2,耦合类型与设计原则
02333 软件工程 2024年10月【广东】,22,填空,C2,模块结构的深度与宽度,软件结构中同一层次上模块总数的最大值,宽度,否,-,C2,模块结构图的深度·宽度·扇入扇出·作用域
02333 软件工程 2024年10月【广东】,23,填空,C3,关联类的定义,学生与任课教师通过课程产生联系时课程类的类型,关联,否,-,C3,类与对象的概念、构成与可见性
02333 软件工程 2024年10月【广东】,24,填空,C3,包的依赖关系,UML中包的两种依赖关系,访问；引入,否,-,C3,依赖关系
02333 软件工程 2024年10月【广东】,25,填空,C3,RUP分析模型活动,RUP创建分析模型除体系结构分析、包分析外的活动,用况分析；类的分析,否,-,C3,RUP 各层的模型与活动
02333 软件工程 2024年10月【广东】,26,填空,C5,软件测试技术分类,软件测试技术可以分为哪两大类,黑盒；白盒,否,-,C5,软件测试综合
02333 软件工程 2024年10月【广东】,27,填空,C1,螺旋模型的概念,螺旋模型在瀑布模型和演化模型基础上加入什么,风险分析,否,-,C1,螺旋模型
02333 软件工程 2024年10月【广东】,28,填空,C3,协作的交互三要素,协作三要素：交互各方、_____以及_____,交互方式；交互内容,否,-,C3,顺序图（时序图）与协作
02333 软件工程 2024年10月【广东】,29,填空,C5,有效性测试的含义,发现软件功能与需求规格说明书不一致错误的测试,有效性,否,-,C5,确认测试与有效性测试
02333 软件工程 2024年10月【广东】,30,填空,C3,用况图的模型元素,用况图6个模型元素中除主题、关联、泛化、依赖外的两个,用况；参与者,否,-,C3,用况图与用况建模
02333 软件工程 2024年10月【广东】,31,简答,C2,功能与非功能需求分类,需求主要分为哪两类，各自主要包含的内容,功能需求规约必须执行的功能；非功能需求含性能、外部接口、设计约束、质量属性,否,-,C2,需求的分类与基本性质
02333 软件工程 2024年10月【广东】,32,简答,C2,结构化分析的基本术语,简述结构化需求分析的基本术语,数据流；加工；数据存储；数据源与数据潭,否,-,C2,结构化分析方法与建模步骤
02333 软件工程 2024年10月【广东】,33,简答,C3,RUP四个开发阶段,简述RUP分为几个阶段及各阶段的基本目标,初始/精化/构造/移交4阶段；分别建立功能范围、体系结构基线首版、完整系统、发布,否,-,C3,RUP 的四个开发阶段
02333 软件工程 2024年10月【广东】,34,简答,C5,边界值分析原则,简述使用边界值分析设计测试用例需遵守的原则,取边界值及刚超边界的值；按个数取最大最小加减1；输出条件同理；取边界数据结构值,否,-,C5,边界值分析
02333 软件工程 2024年10月【广东】,35,简答,C1,增量模型概念与优点,简述增量模型的概念及优点,需求分组为增量并逐一瀑布开发；首版成本时间少；快速发布减少需求变更；允许增量投资,否,-,C1,增量模型
02333 软件工程 2024年10月【广东】,36,简答,C3,状态图的用途与组成,简述UML中状态图的用途及其主要组成部分,显示状态机、强调状态间控制流；由状态、事件、状态转换组成,否,-,C3,状态图与状态建模
02333 软件工程 2024年10月【广东】,37,应用,C3,用况图的绘制,为高校教务系统绘制用况图并指出参与者及用况,参与者为用户、学生、任课老师、教务员；用况含登录退出改密、排课选课、成绩与课表,否,-,C3,用况图与用况建模
02333 软件工程 2024年10月【广东】,38,应用,C5,逻辑覆盖用例选择,用白盒测试法从候选用例中选出满足各类覆盖的最少用例,路径①②③④；语句①③；分支①③或②④；条件①②③；条件组合①②③⑤,否,候选测试用例表为图形，OCR缺失，仅存答案序号,C5,逻辑覆盖与测试覆盖强弱
02333 软件工程 2024年4月,1,单选,C1,软件危机与软件工程定义,为“软件危机”而提出概念的是,C,否,-,C1,软件危机（含义·表现·成因）
02333 软件工程 2024年4月,2,单选,C1,软件系统模型分类,不属于软件模型的是,B,否,-,C1,概念模型与软件模型（模型分类）
02333 软件工程 2024年4月,3,单选,C2,功能需求判定,“系统应能产生月销售报表”的需求类型,A,否,-,C2,需求的分类与基本性质
02333 软件工程 2024年4月,4,单选,C2,需求发现方法识别,无法验证所发现需求是否满足用户要求的需求发现技术,D,否,-,C2,需求发现技术（交谈/观察/自悟/提炼）
02333 软件工程 2024年4月,5,单选,C2,加工的定义与作用,DFD中的数据变换单元,A,否,-,C2,加工小说明与加工的描述工具
02333 软件工程 2024年4月,6,单选,C2,模块的扇入与扇出,一个模块直接控制（调用）的下级模块数目,B,否,-,C2,模块结构图的深度·宽度·扇入扇出·作用域
02333 软件工程 2024年4月,7,单选,C2,高内聚低耦合原则,根据模块独立性原则设计的模块应遵循,B,否,-,C2,内聚类型与设计原则
02333 软件工程 2024年4月,8,单选,C3,限定符的作用,UML表达关系的术语中限定符常被用在,D,否,-,C3,关联、多重性与限定符
02333 软件工程 2024年4月,9,单选,C3,UML图形工具分类,可用于描述概念模型和软件模型静态结构的是,B,否,答案需用UML图形静态/动态分类判断，归C3,C3,UML 的定义与图形工具分类
02333 软件工程 2024年4月,10,单选,C3,RUP迭代增量特点,关于RUP特点描述正确的是,B,否,-,C1,增量模型
02333 软件工程 2024年4月,11,单选,C5,静态评估技术,属于静态评估技术的是,C,否,-,C5,静态测试与静态分析
02333 软件工程 2024年4月,12,单选,C5,软件测试的步骤序列,根据软件测试步骤单元测试完成后进行,D,否,-,C5,软件测试综合
02333 软件工程 2024年4月,13,单选,C0,12207标准过程分类,按ISO/IEC 12207标准属于组织过程的是,A,是,-,C0,ISO/IEC 12207 软件生存周期过程分类
02333 软件工程 2024年4月,14,单选,C1,螺旋模型的概念,需要进行风险分析时最适用的软件生存周期模型,C,否,-,C1,螺旋模型
02333 软件工程 2024年4月,15,单选,C0,CMMI成熟度等级划分,CMMI成熟度等级的3级为,C,是,-,C0,CMMI 能力等级与成熟度等级
02333 软件工程 2024年4月,16,填空,C1,软件工程的发展历程,20世纪60年代末到80年代初软件工程主要特征后期关注的方面,软件质量；软件工程管理,否,-,C1,软件工程的定义、研究领域与发展
02333 软件工程 2024年4月,17,填空,C1,计算机软件的定义,计算机软件是指计算机系统中的_____和文档,程序,否,-,C1,软件的定义与特点
02333 软件工程 2024年4月,18,填空,C2,需求规约的风格,需求规约的风格包含非形式化的规约、_____和形式化的规约,半形式化的需求规约,否,-,C2,需求规约的表达风格与文档结构
02333 软件工程 2024年4月,19,填空,C2,顶层数据流图,结构化方法是通过系统_____来定义系统语境的,顶层数据流图,否,-,C2,数据流图（DFD）符号·分层与绘制
02333 软件工程 2024年4月,20,填空,C2,结构化设计阶段划分,结构化设计分为总体设计和_____，后者提供什么,详细设计；具体算法,否,-,C2,总体（概要）设计的任务与步骤
02333 软件工程 2024年4月,21,填空,C2,逐步求精与抽象,逐步求精和_____是一对互补的概念,抽象,否,-,C2,逐步求精与抽象
02333 软件工程 2024年4月,22,填空,C3,面向对象方法学的学派,面向对象方法学两大主流学派是什么驱动,方法；模型,否,-,C3,面向对象方法学的形成与思想
02333 软件工程 2024年4月,23,填空,C3,UML状态类型划分,UML状态图中用实心圆表示的状态,初态,否,-,C3,UML状态类型划分
02333 软件工程 2024年4月,24,填空,C3,RUP四个开发阶段,RUP四阶段中缺失的阶段及建立系统体系结构基线的阶段,构造；精化,否,-,C3,RUP 的四个开发阶段
02333 软件工程 2024年4月,25,填空,C5,软件测试的过程,软件测试过程中测试执行之前的工作,测试设计,否,-,C5,软件测试综合
02333 软件工程 2024年4月,26,填空,C5,事务流的测试,基于事务流的测试被归于哪类测试技术,功能,否,-,C5,黑盒测试技术（分类·事务流）
02333 软件工程 2024年4月,27,填空,C0,12207标准过程分类,ISO/IEC 12207按过程主体分为基本过程、哪两类过程,支持,是,-,C0,ISO/IEC 12207 软件生存周期过程分类
02333 软件工程 2024年4月,28,填空,C7,项目管理计划的主体,对于一个项目而言，_____计划是项目管理计划的主体,过程管理,否,参考答案为“过程管理”，与常见表述不符，存疑,C7,软件项目管理的内容与计划
02333 软件工程 2024年4月,29,填空,C0,CMMI集成的源模型,CMMI集成的3个源模型中除软件CMM外的另一个,系统工程CMM,是,-,C0,CMMI 的三个源模型与集成思想
02333 软件工程 2024年4月,30,填空,C0,能力等级与成熟度等级区别,CMMI成熟度等级与能力等级分别针对哪类过程域,一组；单个,是,-,C0,能力等级与成熟度等级区别
02333 软件工程 2024年4月,31,简答,C1,系统建模的定义,简述系统建模,通过抽象给出系统结构即模型；模型描述物理系统的成分、语义关系及边界,否,-,C1,系统建模的定义
02333 软件工程 2024年4月,32,简答,C2,需求规约基本性质,简述需求规约及基本性质,全部需求陈述的正式文档，表达概念模型；性质：重要性与稳定性、可修改、完整、一致,否,-,C2,需求规约的基本性质
02333 软件工程 2024年4月,33,简答,C3,泛化关系的定义与约束,简述泛化的定义、作用和约束,一般类目与特殊类目间关系；子类继承并替换父类；约束为完整、不完整、互斥、重叠,否,-,C3,泛化关系（含义·约束·判别）
02333 软件工程 2024年4月,34,简答,C3,类图的定义与创建,简述类图的定义以及创建一个系统类图所涉及的工作,可视化表达静态结构；工作：概念词汇建模、关系建模、协作建模、逻辑数据库模式建模,否,-,C3,类图与类的建模
02333 软件工程 2024年4月,35,简答,C3,RUP与UML的关系辨析,简述RUP与UML的关系,二者构成软件开发方法学；UML提供术语与模型工具；RUP定义各层模型及映射,否,-,C3,RUP 的定义与特点
02333 软件工程 2024年4月,36,简答,C5,验证与确认的定义与区别,简述验证和确认以及它们的区别,验证：证实工作产品正确反映规约需求；确认：证实产品满足其需求；区别在证实对象不同,否,亦可视作质量保证归C7，此处按测试语境归C5,C5,验证与确认的定义与区别
02333 软件工程 2024年4月,37,应用,C2,数据流图绘制,飞机票预订系统画顶层DFD并定义机票和性别,顶层DFD；机票=姓名+性别+座位舱位；性别=男|女,否,参考答案称“机票”是数据流、“性别”是加工，与题干要求不符，存疑,C2,数据流图（DFD）符号·分层与绘制
02333 软件工程 2024年4月,38,应用,C3,用况图分析填空,银行账户管理系统用况图填空（用况数、参与者、关系、取钱用况）,10个用况、5个参与者；关系为继承、依赖、依赖；取钱用取款与校验密码,否,用况图为图形，OCR缺失，仅存答案文字,C3,用况图与用况建模
02333 软件工程 2024年4月【广东】,1,单选,C5,错误失效故障的定义,“与所规约的系统执行之间的偏差”是指,B,否,-,C5,错误·故障·失效的定义
02333 软件工程 2024年4月【广东】,2,单选,C2,模块的扇入与扇出,设计良好的软件结构中间层模块扇出与底层模块扇入的特点,B,否,-,C2,模块结构图的深度·宽度·扇入扇出·作用域
02333 软件工程 2024年4月【广东】,3,单选,C3,RUP四个开发阶段,RUP中能估算成本进度并减少次要错误风险至少需完成的阶段,B,否,-,C3,RUP 的四个开发阶段
02333 软件工程 2024年4月【广东】,4,单选,C2,功能需求判定,下列选项中属于软件功能需求的是,D,否,-,C2,需求的分类与基本性质
02333 软件工程 2024年4月【广东】,5,单选,C3,分析类的类型,RUP分析类3种类型中属于实体类的图示,B,否,选项为图形，OCR缺失,C3,分析类（边界类·实体类·控制类）
02333 软件工程 2024年4月【广东】,6,单选,C0,CMMI模型的组成部件,在CMMI中实践部件的表示符号,B,是,选项为图形，OCR缺失,C0,CMMI 过程域、目标与最佳实践组织
02333 软件工程 2024年4月【广东】,7,单选,C5,白盒测试的依据,软件测试中白盒测试技术依据的是程序的,A,否,-,C5,白盒测试技术
02333 软件工程 2024年4月【广东】,8,单选,C0,CMMI能力等级划分,CMMI针对每个过程域设定的能力等级中最高级为,C,是,-,C0,CMMI 能力等级与成熟度等级
02333 软件工程 2024年4月【广东】,9,单选,C1,瀑布模型的特点,软件开发的瀑布模型适用于,A,否,-,C1,瀑布模型
02333 软件工程 2024年4月【广东】,10,单选,C2,需求分析的三大挑战,不属于需求分析工作面临“三大挑战”的是,C,否,-,C2,需求分析的三大挑战
02333 软件工程 2024年4月【广东】,11,单选,C5,调试与排错的方法,下列关于调试的描述正确的是,C,否,-,C5,调试（排错）技术
02333 软件工程 2024年4月【广东】,12,单选,C2,高内聚低耦合原则,结构精细化设计过程中提高模块独立性应遵循的原则,C,否,-,C2,内聚类型与设计原则
02333 软件工程 2024年4月【广东】,13,单选,C0,CMMI过程域类别划分,CMMI过程域分类中需求开发、确认、验证可归类为,B,是,-,C0,CMMI 过程域、目标与最佳实践组织
02333 软件工程 2024年4月【广东】,14,单选,C5,软件测试目的的认识阶段,人们关于软件测试目的的认识大体经历的阶段数,C,否,-,C5,软件测试综合
02333 软件工程 2024年4月【广东】,15,单选,C3,RUP实现阶段的活动,RUP实现阶段的主要活动不包含,A,否,-,C3,RUP 的四个开发阶段
02333 软件工程 2024年4月【广东】,16,填空,C1,计算机软件的定义,计算机软件一般是指计算机系统中的_____及其文档,程序,否,-,C1,软件的定义与特点
02333 软件工程 2024年4月【广东】,17,填空,C3,RUP的模型层次结构,RUP的_____包含节点和主动类到节点的初始映射,部署模型,否,-,C3,统一过程模型（RUP）概述
02333 软件工程 2024年4月【广东】,18,填空,C3,组合关系的判别,每个学生只能属于一个班级，该关联应标识为,组合,否,-,C3,组合·聚合与整体-部分关系
02333 软件工程 2024年4月【广东】,19,填空,C2,模块的定义与特征,结构化设计中执行一个特殊任务的过程及相关的数据结构,模块,否,-,C2,模块、模块化与模块独立性
02333 软件工程 2024年4月【广东】,20,填空,C3,泛化关系的定义与约束,泛化的4个约束中除完整、不完整外的两个,互斥；重叠,否,-,C3,泛化关系（含义·约束·判别）
02333 软件工程 2024年4月【广东】,21,填空,C5,静态评估技术,常有的静态评估技术除形式化证明外的两种,评审；走查,否,-,C5,静态测试与静态分析
02333 软件工程 2024年4月【广东】,22,填空,C2,需求发现方法识别,无法验证所发现需求是否满足用户要求的技术是_____和提炼,自悟,否,-,C2,需求发现技术（交谈/观察/自悟/提炼）
02333 软件工程 2024年4月【广东】,23,填空,C3,包的依赖关系,为模型化包之间的关系UML给出的两种依赖,访问；引入,否,-,C3,依赖关系
02333 软件工程 2024年4月【广东】,24,填空,C0,12207标准过程分类,12207标准基本过程中获取、供应之后的两个过程,开发过程；运行过程,是,-,C0,ISO/IEC 12207 软件生存周期过程分类
02333 软件工程 2024年4月【广东】,25,填空,C5,事务流的测试,事务流程图中一个事务可以被另一个事务“吸食”称为,事务吸收,否,-,C5,黑盒测试技术（分类·事务流）
02333 软件工程 2024年4月【广东】,26,填空,C2,数据字典定义符号,“学生成绩表”由多个“学生成绩”构成的数据字典表示,｛学生成绩｝,否,-,C2,数据字典的符号与条目
02333 软件工程 2024年4月【广东】,27,填空,C2,结构化分析的基本术语,结构化分析方法基本术语除数据流、数据存储、数据源和数据潭外,加工,否,-,C2,结构化分析方法与建模步骤
02333 软件工程 2024年4月【广东】,28,填空,C3,RUP四个开发阶段,RUP的4个开发阶段中缺失的精化、构造阶段,精化阶段；构造阶段,否,-,C3,RUP 的四个开发阶段
02333 软件工程 2024年4月【广东】,29,填空,C0,CMMI能力等级划分,CMMI中针对每个过程域设定的能力等级第3级,已定义级,是,-,C0,CMMI 能力等级与成熟度等级
02333 软件工程 2024年4月【广东】,30,填空,C5,单元测试的对象,以详细设计文档为指导测试模块内重要控制路径且用白盒技术,单元测试,否,-,C5,单元测试（内容·依据·驱动桩）
02333 软件工程 2024年4月【广东】,31,简答,C2,概要设计规约的内容,简述概要设计规约的主要内容,系统环境；软件模块的结构；模块描述；文件结构与全局数据结构；测试需求,否,-,C2,总体（概要）设计的任务与步骤
02333 软件工程 2024年4月【广东】,32,简答,C1,软件开发本质与映射,简述软件开发的本质及其涉及到的问题,本质为不同抽象层术语与处理逻辑之间的映射；涉及映射的实现（技术）与管理（管理）,否,-,C1,软件开发的本质与基本途径
02333 软件工程 2024年4月【广东】,33,简答,C2,结构化设计阶段划分,简述结构化方法总体设计的3个阶段,初始设计转模块结构图；精化设计按高内聚低耦合精化并设计接口与全局数据；复审,否,-,C2,总体（概要）设计的任务与步骤
02333 软件工程 2024年4月【广东】,34,简答,C1,螺旋模型的概念,简述螺旋模型概念及其特点,瀑布与演化模型加风险分析；关注标识问题、选方案；迭代中只有一次真正开发可交付软件,否,-,C1,螺旋模型
02333 软件工程 2024年4月【广东】,35,简答,C0,能力等级与成熟度等级区别,简述能力等级和成熟度等级之间的区别和联系,能力等级针对单一过程域，成熟度等级针对一组过程域；均为过程改善路径，由弱到强,是,-,C0,能力等级与成熟度等级区别
02333 软件工程 2024年4月【广东】,36,简答,C3,UML关系术语与定义,简述UML表达客观事物之间关系的术语以及定义,关联、泛化、细化、依赖；关联为类目间结构关系，泛化为一般与特殊类目关系,否,-,C3,UML 的定义与图形工具分类
02333 软件工程 2024年4月【广东】,37,应用,C2,判定表的建立与化简,根据阅读疲倦与兴趣描述设计判定表并对其化简,-,否,参考答案为图（判定表及化简表），OCR未含图形内容,C2,判定表与判定树
02333 软件工程 2024年4月【广东】,38,应用,C2,数据流图绘制,为学生成绩管理系统画出顶层DFD图和0层DFD图,-,否,参考答案为图，OCR未含图形内容,C2,数据流图（DFD）符号·分层与绘制
02333 软件工程 2025年10月【广东】,1,单选,C1,系统软件与应用软件区分,下列属于系统软件的是,D,否,-,C1,系统软件与应用软件区分
02333 软件工程 2025年10月【广东】,2,单选,C2,需求定义的含义,描述待开发产品功能能力性能参数的是,D,否,-,C2,需求定义的含义
02333 软件工程 2025年10月【广东】,3,单选,C2,数据流图的应用阶段,数据流图主要用在的阶段,A,否,-,C2,数据流图（DFD）符号·分层与绘制
02333 软件工程 2025年10月【广东】,4,单选,C3,类图可见性符号,UML类图中+表示的可见性,A,否,-,C3,类图与类的建模
02333 软件工程 2025年10月【广东】,5,单选,C3,依赖关系的含义,一个类目使用另一类目信息和服务的关系,C,否,-,C3,依赖关系
02333 软件工程 2025年10月【广东】,6,单选,C3,RUP精化阶段的目标,建立系统体系结构基线的第一个版本属哪阶段,B,否,-,C3,RUP 的四个开发阶段
02333 软件工程 2025年10月【广东】,7,单选,C5,有效性测试的目标,发现软件功能与需求规格说明不一致的测试,B,否,-,C5,确认测试与有效性测试
02333 软件工程 2025年10月【广东】,8,单选,C1,螺旋模型的风险分析,增加了风险分析的软件生存周期模型,D,否,-,C1,螺旋模型
02333 软件工程 2025年10月【广东】,9,单选,C0,CMMI过程域分类,不属于CMMI工程类过程域的是,C,是,-,C0,CMMI 过程域、目标与最佳实践组织
02333 软件工程 2025年10月【广东】,10,单选,C0,CMMI能力等级,CMMI能力等级中0级为,B,是,-,C0,CMMI 能力等级与成熟度等级
02333 软件工程 2025年10月【广东】,11,单选,C2,设计约束需求,限制软件设计方案范围的需求属于,C,否,-,C2,需求的分类与基本性质
02333 软件工程 2025年10月【广东】,12,单选,C2,需求发现技术自悟,需求人员把自己当最终用户发现问题的方法,A,否,-,C2,需求发现技术（交谈/观察/自悟/提炼）
02333 软件工程 2025年10月【广东】,13,单选,C2,数据字典选择结构表示,数据字典中表示方向上或下的选择结构,D,否,-,C2,数据字典的符号与条目
02333 软件工程 2025年10月【广东】,14,单选,C5,审查发现错误的效率,开发过程中发现错误百分比最高的方法,D,否,-,C5,静态测试与静态分析
02333 软件工程 2025年10月【广东】,15,单选,C3,用况模型的特点,不属于用况模型特点的是,B,否,-,C3,用况图与用况建模
02333 软件工程 2025年10月【广东】,16,填空,C2,层次数据流图的求精方法,顶层数据流图基础上建立层次数据流图,自顶而下；逐步求精,否,-,C2,数据流图（DFD）符号·分层与绘制
02333 软件工程 2025年10月【广东】,17,填空,C2,数据存储的含义,数据流图中数据的静态结构是什么,数据存储,否,-,C2,数据流图（DFD）符号·分层与绘制
02333 软件工程 2025年10月【广东】,18,填空,C2,加工说明的描述工具,加工由一组操作组成且取决于一组条件时用什么描述,判定表,否,-,C2,加工小说明与加工的描述工具
02333 软件工程 2025年10月【广东】,19,填空,C2,变换型与事务型数据流图,数据流图的两种基本类型,变换型；事务型,否,-,C2,数据流图（DFD）符号·分层与绘制
02333 软件工程 2025年10月【广东】,20,填空,C2,结构化程序设计三种基本结构,结构化程序设计的三种基本控制结构,顺序；选择,否,-,C2,详细设计工具与结构化程序设计
02333 软件工程 2025年10月【广东】,21,填空,C3,RUP的驱动与中心,RUP以什么为驱动以什么为中心,用况；体系结构,否,-,C3,统一过程模型（RUP）概述
02333 软件工程 2025年10月【广东】,22,填空,C2,非直接耦合的含义,两模块完全独立无任何交互依赖称为,无耦合,否,-,C2,耦合类型与设计原则
02333 软件工程 2025年10月【广东】,23,填空,C2,模块的扇入与扇出,多少个上级模块直接调用一个模块称为,扇入,否,-,C2,模块结构图的深度·宽度·扇入扇出·作用域
02333 软件工程 2025年10月【广东】,24,填空,C3,分析类的三种类型,长期驻留系统的模型化对象属于哪类类,实体,否,-,C3,分析类（边界类·实体类·控制类）
02333 软件工程 2025年10月【广东】,25,填空,C5,软件错误的定义,与期望设计之间的偏差可能产生失效,错误,否,-,C5,错误·故障·失效的定义
02333 软件工程 2025年10月【广东】,26,填空,C5,因果图法设计测试用例,着重检查各种输入条件组合的测试用例工具,因果图,否,-,C5,因果图法设计测试用例
02333 软件工程 2025年10月【广东】,27,填空,C0,CMMI成熟度等级,CMMI中达到预先定义过程域全部目标的等级,成熟度,是,-,C0,CMMI 能力等级与成熟度等级
02333 软件工程 2025年10月【广东】,28,填空,C3,业务用况模型的两层次模型,RUP捕获业务处理与业务对象的两个层次模型,业务用况；业务对象,否,-,C3,用况图与用况建模
02333 软件工程 2025年10月【广东】,29,填空,C2,数据源与数据终点,结构化需求分析中数据流的起点称为,数据源,否,-,C2,数据流图（DFD）符号·分层与绘制
02333 软件工程 2025年10月【广东】,30,填空,C3,顺序图的构成,由一组对象按时序组织并发送消息的交互图,顺序图,否,-,C3,顺序图（时序图）与协作
02333 软件工程 2025年10月【广东】,31,简答,C2,需求的定义与基本特性,简述需求的定义及其基本特性,需求是可予构造的陈述；基本特性：必要、无歧义、可测、可跟踪、可测量,否,-,C2,需求的分类与基本性质
02333 软件工程 2025年10月【广东】,32,简答,C2,程序流程图的内容与优缺点,简述程序流程图的内容及其主要优缺点,顺序选择循环三结构；直观便于掌握；非逐步求精、控制流随意转移、不易表示数据结构,否,-,C2,详细设计工具与结构化程序设计
02333 软件工程 2025年10月【广东】,33,简答,C3,用况图的作用与构成,简述用况图的作用及构成,表达系统功能模型；含主题、用况、参与者、关联泛化依赖,否,-,C3,用况图与用况建模
02333 软件工程 2025年10月【广东】,34,简答,C5,路径测试的测试覆盖策略,简述路径测试技术的测试策略,路径覆盖、语句覆盖、分支覆盖、条件覆盖与条件组合覆盖,否,-,C5,逻辑覆盖与测试覆盖强弱
02333 软件工程 2025年10月【广东】,35,简答,C1,瀑布模型的概念与特点,简述瀑布模型的概念及特点,阶段按固定顺序连接；自上而下衔接；规定各阶段输入并作为输出传递,否,-,C1,瀑布模型
02333 软件工程 2025年10月【广东】,36,简答,C3,RUP需求获取的目标与工作,简述RUP中需求获取的目标及开展的工作,用况参与者抽象形成需求获取模型；列候选需求、理解语境、捕获功能与非功能需求,否,-,C3,面向对象需求分析（OOA）与建模步骤
02333 软件工程 2025年10月【广东】,37,应用,C3,状态图的绘制与状态识别,绘制图书管理系统状态图并列出图书所有状态,状态：可借阅、已锁定、已借出、已归还、已损坏或丢失；损坏丢失→终止,否,-,C3,状态图与状态建模
02333 软件工程 2025年10月【广东】,38,应用,C5,等价类划分用例设计,用等价类划分法为传真号码设计测试用例,建立等价类表；设计有效等价类用例；设计无效等价类用例,否,-,C5,等价类划分
02333 软件工程 2025年4月【13005】,1,单选,C1,软件开发的本质,软件开发的本质是为了实现,B,否,-,C1,软件开发的本质与基本途径
02333 软件工程 2025年4月【13005】,2,单选,C2,需求发现技术观察,最易揭示用户潜在未表达需求的技术,C,否,-,C2,需求发现技术（交谈/观察/自悟/提炼）
02333 软件工程 2025年4月【13005】,3,单选,C2,功能需求的含义,描述系统应该做什么而不是如何做的,C,否,-,C2,需求的分类与基本性质
02333 软件工程 2025年4月【13005】,4,单选,C3,类图的用途与作用,UML中描述系统静态结构的主要图,A,否,-,C3,类图与类的建模
02333 软件工程 2025年4月【13005】,5,单选,C3,顺序图的作用,表示系统动态行为和对象间交互的技术,C,否,-,C3,顺序图（时序图）与协作
02333 软件工程 2025年4月【13005】,6,单选,C2,功能独立性原则,指导划分高内聚低耦合模块的原则,D,否,-,C2,功能独立性原则
02333 软件工程 2025年4月【13005】,7,单选,C2,结构图的作用,表示软件系统模块及其相互关系的图,C,否,-,C2,变换型与事务型分析（SC 图设计）
02333 软件工程 2025年4月【13005】,8,单选,C3,泛化关系的符号表示,UML类图中表示继承关系的符号,A,否,-,C3,泛化关系（含义·约束·判别）
02333 软件工程 2025年4月【13005】,9,单选,C5,软件测试的目的,以下关于软件测试说法正确的是,D,否,-,C5,软件测试的目的、原则与对象
02333 软件工程 2025年4月【13005】,10,单选,C3,类与对象的关系,关于类和对象关系描述正确的是,B,否,-,C3,类与对象的概念、构成与可见性
02333 软件工程 2025年4月【13005】,11,单选,C3,泛化关系的含义,UML中关于泛化关系的描述正确的是,A,否,-,C3,泛化关系（含义·约束·判别）
02333 软件工程 2025年4月【13005】,12,单选,C3,参与者与用况的关系,用例图中参与者与用例关系描述错误的是,D,否,-,C3,用况图与用况建模
02333 软件工程 2025年4月【13005】,13,单选,C3,状态与转换的含义,状态图中状态和转换描述错误的是,C,否,-,C3,状态图与状态建模
02333 软件工程 2025年4月【13005】,14,单选,C3,RUP的四个阶段,不属于RUP四个主要阶段的是,D,否,-,C3,RUP 的四个开发阶段
02333 软件工程 2025年4月【13005】,15,单选,C2,程序流程图的作用,详细设计阶段描述控制流程的工具,B,否,-,C2,详细设计工具与结构化程序设计
02333 软件工程 2025年4月【13005】,16,填空,C1,软件开发的映射与抽象层,从问题域向运行平台映射时的抽象层,问题域；需求层,否,原题标注教材P16,C1,软件开发的本质与基本途径
02333 软件工程 2025年4月【13005】,17,填空,C1,软件模型的分类,系统模型分两类，软件模型分设计实现和什么,概念模型；部署模型,否,原题标注教材P19,C1,概念模型与软件模型（模型分类）
02333 软件工程 2025年4月【13005】,18,填空,C1,典型软件开发方法分类,典型软件开发方法包括哪些,结构化方法；面向对象方法,否,原题标注教材P35,C1,软件开发的本质与基本途径
02333 软件工程 2025年4月【13005】,19,填空,C2,结构化程序设计的控制结构,结构化程序设计采用哪些结构及单入口,顺序结构；入口,否,原题标注教材P63,C2,详细设计工具与结构化程序设计
02333 软件工程 2025年4月【13005】,20,填空,C3,状态图的用途,状态图描述对象行为的变化和状态的什么,变化；迁移,否,-,C3,状态图与状态建模
02333 软件工程 2025年4月【13005】,21,填空,C0,CMMI成熟度等级,成熟度等级的定义及CMMI成熟度等级个数,过程改善；5,是,原题标注教材P257,C0,CMMI 能力等级与成熟度等级
02333 软件工程 2025年4月【13005】,22,填空,C3,RUP设计层的术语,RUP为设计层提供的4个术语中的两个,用况细化；接口,否,原题标注教材P147,C3,RUP 的工作流与四层结构
02333 软件工程 2025年4月【13005】,23,填空,C5,软件测试的目的,软件测试的主要目的是发现什么并改进什么,错误；质量,否,-,C5,软件测试的目的、原则与对象
02333 软件工程 2025年4月【13005】,24,填空,C1,瀑布模型的阶段顺序,瀑布模型中各开发阶段的顺序,设计；运行,否,-,C1,瀑布模型
02333 软件工程 2025年4月【13005】,25,填空,C2,加工的定义与作用,结构分析中加工是对什么的变换单元,数据流；处理,否,-,C2,加工小说明与加工的描述工具
02333 软件工程 2025年4月【13005】,26,简答,C2,需求工作的三大挑战,软件系统需求工作通常面临哪三大挑战,问题空间的理解；人与人之间的通信；需求的变化性,否,-,C2,需求验证与需求工作的挑战
02333 软件工程 2025年4月【13005】,27,简答,C2,结构化需求分析的建模步骤,结构化方法建立功能模型的四个基本步骤,需求分析；系统分析；系统设计；系统实施,否,-,C2,结构化需求分析的建模步骤
02333 软件工程 2025年4月【13005】,28,简答,C2,耦合产生的主要因素,耦合产生的主要因素有哪3类,向另一模块传递数据；对另一模块施加控制,否,参考答案OCR残缺，第1点表述不全,C2,耦合类型与设计原则
02333 软件工程 2025年4月【13005】,29,简答,C3,UML图形工具分类,UML结构图和行为图分别有哪些,结构图：类图对象图构件图部署图包图；行为图：用况顺序协作状态活动图,否,-,C3,UML 的定义与图形工具分类
02333 软件工程 2025年4月【13005】,30,简答,C1,增量模型的概念与优缺点,简述增量模型并指出优势与不足,需求分组形成增量并各自瀑布式开发；成本低降风险；变更规划不当致增量不稳定,否,-,C1,增量模型
02333 软件工程 2025年4月【13005】,31,简答,C1,软件工程的定义,简述软件工程的基本定义,应用计算机科学技术与工程管理原则，按预算和进度实现满足用户要求的软件产品,否,-,C1,软件工程的定义、研究领域与发展
02333 软件工程 2025年4月【13005】,32,应用,C5,逻辑覆盖测试用例设计,为GCD代码设计语句分支条件组合覆盖用例集,-,否,参考答案以图片形式给出，OCR无文字,C5,逻辑覆盖与测试覆盖强弱
02333 软件工程 2025年4月【13005】,33,应用,C3,顺序图的绘制,为网络打印机场景绘制交互顺序图,-,否,参考答案以图片形式给出，OCR无文字,C3,顺序图（时序图）与协作
02333 软件工程 2025年4月【广东】,1,单选,C1,瀑布模型的缺点,以下哪项是瀑布模型的缺点,A,否,-,C1,瀑布模型
02333 软件工程 2025年4月【广东】,2,单选,C1,结对编程的目的,极限编程中结对编程的主要目的,B,否,-,C1,敏捷开发（敏捷·Scrum·XP）
02333 软件工程 2025年4月【广东】,3,单选,C4,移动应用开发框架,下列哪个不是移动应用开发框架,D,否,-,C4,移动应用开发框架与程序设计语言
02333 软件工程 2025年4月【广东】,4,单选,C2,耦合与模块独立性的关系,模块的耦合性越低则模块的独立性,B,否,-,C2,模块、模块化与模块独立性
02333 软件工程 2025年4月【广东】,5,单选,C3,信息隐藏的目的,软件设计中信息隐藏的主要目的,C,否,解析按面向对象设计原则说明,C2,模块、模块化与模块独立性
02333 软件工程 2025年4月【广东】,6,单选,C3,类图的三部分构成,类图中每个类方框的三部分分别是,A,否,-,C3,类图与类的建模
02333 软件工程 2025年4月【广东】,7,单选,C5,静态测试的含义,不需要执行被测程序的测试方法,D,否,-,C5,静态测试与静态分析
02333 软件工程 2025年4月【广东】,8,单选,C5,单元测试的地位与时机,在软件开发最早阶段进行的测试,B,否,-,C5,单元测试（内容·依据·驱动桩）
02333 软件工程 2025年4月【广东】,9,单选,C3,状态机的起始状态,状态机或状态机图说法正确的是,A,否,-,C3,状态图与状态建模
02333 软件工程 2025年4月【广东】,10,单选,C3,顺序图的构成,不属于时序图元素的是,C,否,-,C3,顺序图（时序图）与协作
02333 软件工程 2025年4月【广东】,11,填空,C3,类中属性与操作的表示,C++中对象的什么称作成员函数,操作（或方法）,否,-,C3,类与对象的概念、构成与可见性
02333 软件工程 2025年4月【广东】,12,填空,C3,多态性的实现方式,C++中多态性通过什么函数实现,虚,否,-,C3,封装·继承·多态·重载
02333 软件工程 2025年4月【广东】,13,填空,C3,部署图的作用,显示网络物理布局和组件位置的UML图,部署,否,-,C3,构件图与部署图
02333 软件工程 2025年4月【广东】,14,填空,C2,数据流图符号含义,数据流图中箭头代表什么,数据流向,否,-,C2,数据流图（DFD）符号·分层与绘制
02333 软件工程 2025年4月【广东】,15,填空,C3,三层架构的划分,三层架构分为界面层业务逻辑层和什么,数据访问层,否,-,C3,面向对象设计（OOD）准则与体系结构
02333 软件工程 2025年4月【广东】,16,填空,C3,继承（泛化）的子类,继承中派生出的类被称作什么,子类,否,-,C3,封装·继承·多态·重载
02333 软件工程 2025年4月【广东】,17,填空,C2,内聚类型判别,处理相关且必须按特定次序执行的模块属哪种内聚,过程,否,-,C2,内聚类型与设计原则
02333 软件工程 2025年4月【广东】,18,填空,C1,软件过程的四种基本活动,软件过程4种基本活动中的第三个是什么,软件测试,否,-,C1,软件过程与生存周期阶段
02333 软件工程 2025年4月【广东】,19,填空,C4,移动应用开发的迭代阶段,移动应用开发5个迭代阶段中的第二个,设计（软件设计）,否,-,C4,移动应用开发的 5 个迭代阶段
02333 软件工程 2025年4月【广东】,20,填空,C5,组装测试的方式,把单元测试过的模块全组装在一起测试,一次性,否,-,C5,组装（集成）测试
02333 软件工程 2025年4月【广东】,21,简答,C1,软件工程的定义,名词解释：软件工程,从管理和技术两方面研究开发与维护软件的学科；按工程化原则组织软件开发,否,-,C1,软件工程的定义、研究领域与发展
02333 软件工程 2025年4月【广东】,22,简答,C2,需求规约（需求规格说明书）,名词解释：需求规格说明书,含系统目标范围、数据描述、功能描述、性能描述、质量保证,否,-,C2,需求规约的定义与作用
02333 软件工程 2025年4月【广东】,23,简答,C3,封装的含义与作用,名词解释：封装,将对象属性和服务结合成独立系统单元；一种信息隐藏技术,否,-,C3,封装·继承·多态·重载
02333 软件工程 2025年4月【广东】,24,简答,C6,软件维护的定义,名词解释：软件维护,软件交付使用后为改正错误或满足新需要而修改软件的过程,否,-,C6,软件维护的定义与内容
02333 软件工程 2025年4月【广东】,25,简答,C5,白盒测试的定义,名词解释：白盒测试,重点在程序代码级；依据程序内部逻辑结构设计测试用例,否,-,C5,白盒测试技术
02333 软件工程 2025年4月【广东】,26,简答,C1,瀑布模型各阶段的任务,简述瀑布模型中每个阶段的任务,需求定义、设计与实现、实现与单元测试、集成与系统测试、运行与维护各阶段任务,否,-,C1,瀑布模型
02333 软件工程 2025年4月【广东】,27,简答,C3,组合关系的含义,简述类图中组合关系的含义,整体-部分关系；部分与整体共存亡，整体不存在部分随之消失,否,-,C3,组合·聚合与整体-部分关系
02333 软件工程 2025年4月【广东】,28,简答,C2,耦合类型判别,简述模块耦合性并列举三种耦合类型,耦合是模块间相互依赖程度的度量；非直接、数据、标记、控制、外部、公共、内容耦合,否,-,C2,耦合类型与设计原则
02333 软件工程 2025年4月【广东】,29,简答,C3,面向对象设计准则,简述面向对象设计准则,模块化、抽象、信息隐蔽、低耦合、高内聚、可复用,否,-,C3,面向对象设计（OOD）准则与体系结构
02333 软件工程 2025年4月【广东】,30,简答,C5,单元测试的内容,简述单元测试的主要内容,模块接口、局部数据结构、路径、错误处理、边界测试,否,-,C5,单元测试（内容·依据·驱动桩）
02333 软件工程 2025年4月【广东】,31,简答,C7,规划团队结构考虑的因素,简述规划软件工程团队结构应考虑的项目因素,问题难度、程序规模、共同工作时间、模块化程度、质量要求、交付期、交流程度,否,-,C7,团队组织结构与项目因素
02333 软件工程 2025年4月【广东】,32,应用,C2,程序流程图与N-S图绘制,画出伪代码程序的程序流程图和N-S图,原答案以图给出：含循环与分支结构,否,-,C2,详细设计工具与结构化程序设计
02333 软件工程 2025年4月【广东】,33,应用,C3,用况图的分析与包含关系,分析网上购物用例图并答用例数与包含关系,8个用例；描述购物车与订单需求；5组包含关系,否,-,C3,用况图与用况建模
13005 软件工程 2026年4月,1,单选,C1,软件模型的分类,软件模型不包含哪一种模型,D,否,-,C1,概念模型与软件模型（模型分类）
13005 软件工程 2026年4月,2,单选,C2,需求发现技术观察,需求发现技术中可能引起客户抵触的是,A,否,-,C2,需求发现技术（交谈/观察/自悟/提炼）
13005 软件工程 2026年4月,3,单选,C2,需求规约的作用,不属于需求规约作用的是,C,否,-,C2,需求规约的定义与作用
13005 软件工程 2026年4月,4,单选,C2,需求工作的三大挑战,不属于需求分析三大挑战的是,C,否,-,C2,需求验证与需求工作的挑战
13005 软件工程 2026年4月,5,单选,C2,结构化需求分析的建模步骤,结构化分析方法建模基本流程正确的是,D,否,-,C2,结构化需求分析的建模步骤
13005 软件工程 2026年4月,6,单选,C3,类图的三部分构成,如题6图所示该类的类名是,A,否,选项依赖类图，OCR无法显示图形,C3,类图与类的建模
13005 软件工程 2026年4月,7,单选,C3,类图可见性符号,表示受保护属性的符号是,B,否,选项符号OCR缺失，据解析受保护为#,C3,类图与类的建模
13005 软件工程 2026年4月,8,单选,C3,接口的使用注意问题,关于软件接口应用注意问题不正确的是,B,否,-,C3,接口与操作
13005 软件工程 2026年4月,9,单选,C3,分析类的三种类型,下图属于边界类的是,C,否,选项为图，OCR无法显示,C3,分析类（边界类·实体类·控制类）
13005 软件工程 2026年4月,10,单选,C3,RUP测试活动的阶段,RUP的测试活动不包含,B,否,-,C3,RUP 的四个开发阶段
13005 软件工程 2026年4月,11,单选,C3,业务对象模型的术语,RUP业务对象模型引入的3个术语不包括,A,否,-,C3,面向对象需求分析（OOA）与建模步骤
13005 软件工程 2026年4月,12,单选,C5,逻辑覆盖测试度量的强弱,测试度量最低的测试策略是,B,否,-,C5,逻辑覆盖与测试覆盖强弱
13005 软件工程 2026年4月,13,单选,C5,单元测试的对象,单元测试关注的是,D,否,-,C5,单元测试（内容·依据·驱动桩）
13005 软件工程 2026年4月,14,单选,C0,CMMI模型部件符号,CMMI资料性部分使用哪种符号表示,D,是,选项为图，OCR无法显示,C0,CMMI 过程域、目标与最佳实践组织
13005 软件工程 2026年4月,15,单选,C0,CMMI专用目标的作用,帮助确定过程域是否得以满足的部件,B,是,-,C0,CMMI 过程域、目标与最佳实践组织
13005 软件工程 2026年4月,16,填空,C1,软件工程发展的两个时期,软件工程发展后期关注什么和什么,软件质量；软件工程管理,否,-,C1,软件工程的定义、研究领域与发展
13005 软件工程 2026年4月,17,填空,C2,需求规约的作用,基于需求规约还会产生哪两个文档,初始测试计划；用户系统操作描述,否,-,C2,需求规约的定义与作用
13005 软件工程 2026年4月,18,填空,C2,数据字典选择结构表示,客体表示中性别=男或女属于什么结构,选择,否,-,C2,数据字典的符号与条目
13005 软件工程 2026年4月,19,填空,C2,层次图在总体设计中的应用,自顶向下设计软件适合表达体系结构的工具,层次图,否,-,C2,总体（概要）设计的任务与步骤
13005 软件工程 2026年4月,20,填空,C2,模块的定义与构成,执行特殊任务的过程及相关的数据结构,模块,否,-,C2,模块、模块化与模块独立性
13005 软件工程 2026年4月,21,填空,C3,类的定义与构成,类是具有相同什么、操作、关系和什么的描述,属性；语义,否,-,C3,类与对象的概念、构成与可见性
13005 软件工程 2026年4月,22,填空,C3,泛化关系的约束,表达泛化语义的4个约束,互斥；重叠,否,-,C3,泛化关系（含义·约束·判别）
13005 软件工程 2026年4月,23,填空,C3,依赖关系的含义,一个类使用另一个类作为操作参数的关系,依赖,否,-,C3,依赖关系
13005 软件工程 2026年4月,24,填空,C3,RUP构造阶段的目标,演化形成体系结构基线并可开始交付的阶段,构造,否,-,C3,RUP 的四个开发阶段
13005 软件工程 2026年4月,25,填空,C3,RUP部署模型的构成,RUP中包含节点和主动类到节点映射的是,部署模型,否,-,C3,RUP 各层的模型与活动
13005 软件工程 2026年4月,26,填空,C5,软件评估的分类,软件评估可以分为哪两类,静态评估；动态评估,否,-,C5,软件评估的分类
13005 软件工程 2026年4月,27,填空,C5,事务流程图的事务吸收,一个事务被另一个事务吸食称为,事务吸收,否,-,C5,黑盒测试技术（分类·事务流）
13005 软件工程 2026年4月,28,填空,C0,ISO/IEC 12207 支持过程,12207中证实工作产品是否满足需求的过程,软件确认过程,是,-,C0,ISO/IEC 12207 软件生存周期过程分类
13005 软件工程 2026年4月,29,填空,C0,CMMI集成的源模型,CMMI集成了软件CMM系统工程CMM和什么,软件CMM（SW-CMM）,是,-,C0,CMMI 的三个源模型与集成思想
13005 软件工程 2026年4月,30,填空,C0,CMMI模型部件符号,CMMI过程域及专用目标共用目标用什么符号表示,-,是,原卷与参考答案均无内容，OCR缺失,C0,CMMI 过程域、目标与最佳实践组织
13005 软件工程 2026年4月,31,简答,C1,软件危机的表现,什么是软件危机？主要表现在哪些方面,生产率与质量满足不了社会需求；超预算、拖延、不满足要求、可维护性差、可靠性差,否,-,C1,软件危机（含义·表现·成因）
13005 软件工程 2026年4月,32,简答,C2,详细设计的任务与目标,简述结构化方法详细设计的任务及目标,描述每个模块给出实施机制与数据结构；将高层结构映射为低层结构,否,-,C2,详细设计工具与结构化程序设计
13005 软件工程 2026年4月,33,简答,C2,概要设计规约的内容,简述概要设计规约的主要内容,系统环境；软件模块结构；模块描述；文件结构与全局数据逻辑结构,否,-,C2,总体（概要）设计的任务与步骤
13005 软件工程 2026年4月,34,简答,C5,路径测试技术的基本要点,路径测试属于什么技术及其基本要点,属白盒测试；用控制流程图表达程序模型；选择路径达到测试度量,否,-,C5,路径测试技术
13005 软件工程 2026年4月,35,简答,C1,瀑布模型存在的问题,简述瀑布模型及存在的主要问题,按固定顺序连接各阶段；需求难完整表达、延期与集成测试集中、难评进度、文档负担重,否,-,C1,瀑布模型
13005 软件工程 2026年4月,36,简答,C0,CMMI能力等级,CMMI中针对每个过程域共设哪几个能力等级,0未完成、1已执行、2已管理、3已定义、4已定量管理、5持续优化,是,-,C0,CMMI 能力等级与成熟度等级
13005 软件工程 2026年4月,37,应用,C2,深度、宽度、扇入与扇出,求体系结构的深度、宽度及模块h扇出r扇入,深度5；宽度7；h扇出4；r扇入4,否,-,C2,模块结构图的深度·宽度·扇入扇出·作用域
13005 软件工程 2026年4月,38,应用,C5,等价类划分用例设计,为三角形程序设计等价类用例并检查逻辑覆盖,划分11个等价类；有效用例3组；无效用例6组,否,-,C5,等价类划分
13005 软件工程 2026年4月#套2,39,单选,C1,软件工程的提出与软件危机,概念X与现象Y分别是,D,否,本卷为同一文件第二套卷，沿用原文件题号39-76,C1,软件危机（含义·表现·成因）
13005 软件工程 2026年4月#套2,40,单选,C1,软件模型的分类,在软件开发领域中属于软件模型的是,A,否,-,C1,概念模型与软件模型（模型分类）
13005 软件工程 2026年4月#套2,41,单选,C2,需求发现技术自悟,需求发现技术中把自己作为最终用户的是,C,否,-,C2,需求发现技术（交谈/观察/自悟/提炼）
13005 软件工程 2026年4月#套2,42,单选,C2,需求规约的表达风格,基于良构数学概念符号体系的表达风格,B,否,-,C2,需求规约的表达风格与文档结构
13005 软件工程 2026年4月#套2,43,单选,C2,数据存储的含义,表达结构化分析方法中数据的静态结构,D,否,-,C2,数据流图（DFD）符号·分层与绘制
13005 软件工程 2026年4月#套2,44,单选,C2,HIPO图的应用,常用作总体设计的工具,A,否,-,C2,详细设计工具与结构化程序设计
13005 软件工程 2026年4月#套2,45,单选,C2,模块的扇入与扇出,软件结构中顶层中间层扇出与底层扇入规律,B,否,-,C2,模块结构图的深度·宽度·扇入扇出·作用域
13005 软件工程 2026年4月#套2,46,单选,C3,组合与聚合的关系,UML中组合是一种特殊形式的什么,C,否,-,C3,组合·聚合与整体-部分关系
13005 软件工程 2026年4月#套2,47,单选,C3,状态图的用途,可用于创建行为生存周期模型的图,D,否,-,C3,状态图与状态建模
13005 软件工程 2026年4月#套2,48,单选,C3,RUP的工作流,RUP每一阶段同样的工作流包括哪些,A,否,-,C3,RUP 的工作流与四层结构
13005 软件工程 2026年4月#套2,49,单选,C5,黑盒测试的定义,黑盒测试技术又称为,B,否,-,C5,黑盒测试技术（分类·事务流）
13005 软件工程 2026年4月#套2,50,单选,C5,组装测试的接口问题,模块组装在一起不能正确工作的原因,C,否,-,C5,组装（集成）测试
13005 软件工程 2026年4月#套2,51,单选,C0,ISO/IEC 12207 基本过程,可归于基本过程活动集的是,D,是,-,C0,ISO/IEC 12207 软件生存周期过程分类
13005 软件工程 2026年4月#套2,52,单选,C1,螺旋模型的适用范围,螺旋模型适用于什么情况,B,否,-,C1,螺旋模型
13005 软件工程 2026年4月#套2,53,单选,C0,CMMI能力等级,CMMI能力等级的4级为,A,是,-,C0,CMMI 能力等级与成熟度等级
13005 软件工程 2026年4月#套2,54,填空,C1,软件工程发展的两个时期,60年代末到80年代初后期除软件质量还关注什么,软件管理（软件工程管理）,否,-,C1,软件工程的定义、研究领域与发展
13005 软件工程 2026年4月#套2,55,填空,C1,概念模型的含义,需求层上创建的系统是对客观事物系统的抽象,概念模型,否,-,C1,概念模型与软件模型（模型分类）
13005 软件工程 2026年4月#套2,56,填空,C2,需求验证的方法,验证需求是不是歧义的采用什么活动,需求复审,否,-,C2,需求验证与需求工作的挑战
13005 软件工程 2026年4月#套2,57,填空,C2,HIPO图的应用,HIPO图应用在哪个阶段由哪两部分组成,总体设计；H图（层次图）,否,-,C2,详细设计工具与结构化程序设计
13005 软件工程 2026年4月#套2,58,填空,C2,模块的作用域,受该模块内一个判定所影响的所有模块集合,作用域,否,-,C2,模块结构图的深度·宽度·扇入扇出·作用域
13005 软件工程 2026年4月#套2,59,填空,C2,深度、宽度、扇入与扇出,宽度是同一层次模块总数的什么及影响因素,最大值；扇出,否,-,C2,模块结构图的深度·宽度·扇入扇出·作用域
13005 软件工程 2026年4月#套2,60,填空,C3,单继承与多继承,一个类只有一个父类时使用了什么,单继承,否,-,C3,封装·继承·多态·重载
13005 软件工程 2026年4月#套2,61,填空,C3,UML图的分类与用途,支持生存周期建模和交互建模的图,状态图；交互图,否,-,C3,UML 的定义与图形工具分类
13005 软件工程 2026年4月#套2,62,填空,C3,RUP的层次结构,RUP定义的需求获取层系统分析层设计层和什么,实现层,否,-,C3,统一过程模型（RUP）概述
13005 软件工程 2026年4月#套2,63,填空,C5,路径测试技术的基本要点,路径测试中什么是测试用例设计的基础,路径选取,否,-,C5,路径测试技术
13005 软件工程 2026年4月#套2,64,填空,C5,单元测试的依据与技术,单元测试以什么文档为指导采用什么测试技术,详细设计；白盒,否,-,C5,单元测试（内容·依据·驱动桩）
13005 软件工程 2026年4月#套2,65,填空,C0,ISO/IEC 12207 过程分类,12207按过程主体分为基本过程什么过程和组织过程,支持,是,-,C0,ISO/IEC 12207 软件生存周期过程分类
13005 软件工程 2026年4月#套2,66,填空,C1,瀑布模型的概念与特点,瀑布模型阶段间是什么顺序，规定每阶段的什么,固定；输入,否,-,C1,瀑布模型
13005 软件工程 2026年4月#套2,67,填空,C0,CMMI集成的源模型,CMMI集成了软件CMM系统工程CMM和什么,产品集成开发CMM,是,-,C0,CMMI 的三个源模型与集成思想
13005 软件工程 2026年4月#套2,68,填空,C0,CMMI能力等级与成熟度等级的区别,能力等级用于表征组织对什么过程域的改善,单个,是,-,C0,CMMI 能力等级与成熟度等级
13005 软件工程 2026年4月#套2,69,简答,C1,软件开发的本质,简述软件开发的本质及其涉及的问题,不同抽象层术语与处理逻辑之间的映射；涉技术与管理两方面,否,-,C1,软件开发的本质与基本途径
13005 软件工程 2026年4月#套2,70,简答,C2,需求规约的基本性质,简述需求规约的概念及其基本性质,所有需求陈述的正式文档；重要性稳定性、可修改、完整、一致,否,-,C2,需求规约的基本性质
13005 软件工程 2026年4月#套2,71,简答,C2,模块与模块耦合,什么是模块与模块耦合？耦合类型及设计原则,过程及数据结构；内容/公共/控制/标记/数据耦合；尽量数据耦合，避免内容耦合,否,-,C2,耦合类型与设计原则
13005 软件工程 2026年4月#套2,72,简答,C3,UML与RUP的关系,为什么UML要同RUP一起才称得上方法学,UML仅提供术语与表达格式，缺少映射过程指导；RUP补足第三项,否,-,C3,RUP 的定义与特点
13005 软件工程 2026年4月#套2,73,简答,C5,白盒测试技术要点,简述白盒测试技术的要点并举例,依据逻辑结构以控制流程图建模；含语句、分支、条件组合、路径覆盖,否,-,C5,白盒测试技术
13005 软件工程 2026年4月#套2,74,简答,C1,增量模型的概念与优缺点,简述增量模型的优缺点,需求分组形成增量；成本低、减少需求变更、可增量投资；增量不稳定、管理成本增大,否,-,C1,增量模型
13005 软件工程 2026年4月#套2,75,应用,C2,数据流图的分层绘制,画出学生成绩管理系统的顶层DFD和0层DFD,-,否,参考答案以图片形式给出，OCR无文字,C2,数据流图（DFD）符号·分层与绘制
13005 软件工程 2026年4月#套2,76,应用,C2,程序流程图绘制,画出该段程序的流程图,-,否,参考答案以图片形式给出，OCR无文字,C2,详细设计工具与结构化程序设计
13005 软件工程 2026年4月#套3,77,单选,C1,软件工程发展的两个时期,60年代末到80年代初获得的主要成果,C,否,本卷为同一文件第三套卷，沿用原文件题号77-100；原卷在填空题后截断,C1,软件工程的定义、研究领域与发展
13005 软件工程 2026年4月#套3,78,单选,C2,功能需求的含义,属于功能需求范畴的描述,A,否,-,C2,需求的分类与基本性质
13005 软件工程 2026年4月#套3,79,单选,C2,需求规约的基本性质,需求规约基本性质包括哪些,A,否,-,C2,需求规约的基本性质
13005 软件工程 2026年4月#套3,80,单选,C2,加工说明的描述工具,可用以描述加工的工具,B,否,-,C2,加工小说明与加工的描述工具
13005 软件工程 2026年4月#套3,81,单选,C2,内聚的定义与度量,模块内部各成分相互关联程度的度量,B,否,-,C2,内聚类型与设计原则
13005 软件工程 2026年4月#套3,82,单选,C2,数据流图的作用,结构化分析方法中表达功能模型的工具,D,否,-,C2,数据流图（DFD）符号·分层与绘制
13005 软件工程 2026年4月#套3,83,单选,C3,面向对象方法的起源,面向对象方法源于面向对象,D,否,-,C3,面向对象方法学的形成与思想
13005 软件工程 2026年4月#套3,84,单选,C3,业务模型与系统模型的关系,业务模型和系统模型之间具有的关系,A,否,-,C1,概念模型与软件模型（模型分类）
13005 软件工程 2026年4月#套3,85,单选,C3,分析类的三种类型,RUP的分析类包括边界类实体类和什么,B,否,-,C3,分析类（边界类·实体类·控制类）
13005 软件工程 2026年4月#套3,86,单选,C5,黑盒测试技术分类,黑盒测试技术除事务流程定义域测试外还有,C,否,-,C5,黑盒测试技术（分类·事务流）
13005 软件工程 2026年4月#套3,87,单选,C5,等价类划分用例设计,教师科研方案中等价类划分正确的是,B,否,-,C5,等价类划分
13005 软件工程 2026年4月#套3,88,单选,C5,有效性测试的目标,有效性测试要发现软件功能与什么不一致,A,否,-,C5,确认测试与有效性测试
13005 软件工程 2026年4月#套3,89,单选,C0,ISO/IEC 12207 过程分类,12207按过程主体分为基本过程组织过程和什么,D,是,-,C0,ISO/IEC 12207 软件生存周期过程分类
13005 软件工程 2026年4月#套3,90,单选,C1,喷泉模型的适用场景,主要用于支持面向对象技术开发的模型,A,否,-,C1,喷泉模型
13005 软件工程 2026年4月#套3,91,单选,C0,CMMI成熟度等级,CMMI成熟度等级中的2级是,C,是,-,C0,CMMI 能力等级与成熟度等级
13005 软件工程 2026年4月#套3,92,填空,C1,软件的定义与构成,计算机软件是程序及其什么,文档,否,-,C1,软件的定义与特点
13005 软件工程 2026年4月#套3,93,填空,C2,需求的定义与基本特性,单一需求必须具有的基本性质还有哪些,可测的；可测量的,否,-,C2,需求的分类与基本性质
13005 软件工程 2026年4月#套3,94,填空,C2,需求发现技术交谈,通过提出问题用户回答直接询问用户的技术,交谈,否,-,C2,需求发现技术（交谈/观察/自悟/提炼）
13005 软件工程 2026年4月#套3,95,填空,C2,数据存储的含义,结构化分析方法中表示数据静态结构的术语,数据存储,否,-,C2,数据流图（DFD）符号·分层与绘制
13005 软件工程 2026年4月#套3,96,填空,C2,耦合的定义与度量,不同模块之间相互依赖程度的度量,耦合,否,-,C2,耦合类型与设计原则
13005 软件工程 2026年4月#套3,97,填空,C2,逐步求精方法,每步对上一步结果细化逐步接近解法的方法,逐步求精,否,章节归属C1或C2存疑,C2,逐步求精方法
13005 软件工程 2026年4月#套3,98,填空,C2,结构化程序设计的控制结构,结构化程序设计基本控制结构包括顺序选择和什么,循环（或迭代）,否,-,C2,详细设计工具与结构化程序设计
13005 软件工程 2026年4月#套3,99,填空,C3,组合与聚合的关系,整体类负责创建消除部分类实例的关联关系,组合,否,-,C3,组合·聚合与整体-部分关系
13005 软件工程 2026年4月#套3,100,填空,C3,RUP的迭代增量特征,RUP以用况为驱动以体系结构为中心的什么,迭代、增量式开发,否,-,C1,增量模型
2026年4月自考02333软件工程试题及答案,1,单选,C1,原型模型的主要思想,原型模型的主要思想,A,否,-,C1,原型（快速原型）模型
2026年4月自考02333软件工程试题及答案,2,单选,C4,移动应用测试类型,测试应用在不同网络环境下表现的测试方法,C,否,-,C4,移动软件测试
2026年4月自考02333软件工程试题及答案,3,单选,C2,数据流图符号含义,数据流图组成符号中矩形代表什么,D,否,-,C2,数据流图（DFD）符号·分层与绘制
2026年4月自考02333软件工程试题及答案,4,单选,C2,模块独立性与可维护性的关系,模块独立性越强系统的可维护性,B,否,-,C2,模块、模块化与模块独立性
2026年4月自考02333软件工程试题及答案,5,单选,C2,降低模块间耦合度的方法,不能有效降低模块间耦合度的方法,D,否,-,C2,耦合类型与设计原则
2026年4月自考02333软件工程试题及答案,6,单选,C3,三层架构的划分,通常意义上的三层架构划分为,C,否,-,C3,面向对象设计（OOD）准则与体系结构
2026年4月自考02333软件工程试题及答案,7,单选,C5,驱动模块与桩模块,单元测试中驱动模块的主要作用,A,否,-,C5,单元测试（内容·依据·驱动桩）
2026年4月自考02333软件工程试题及答案,8,单选,C5,回归测试的目的,回归测试的主要目的,B,否,-,C5,系统测试与回归测试
2026年4月自考02333软件工程试题及答案,9,单选,C6,提高可维护性的程序设计语言,有利于提高人工智能应用可维护性的语言,C,否,-,C6,软件可维护性及其度量
2026年4月自考02333软件工程试题及答案,10,单选,C6,维护类型判别,适应外部环境或数据环境变化的维护,B,否,-,C6,软件维护的类型判别
2026年4月自考02333软件工程试题及答案,11,填空,C3,泛化关系的含义,表达两个类之间一般与特殊的关系,泛化（继承）,否,-,C3,泛化关系（含义·约束·判别）
2026年4月自考02333软件工程试题及答案,12,填空,C1,软件的定义与构成,软件是程序、什么及相关文档的完整集合,数据,否,-,C1,软件的定义与特点
2026年4月自考02333软件工程试题及答案,13,填空,C3,类的定义与构成,类是具有相同数据结构和相同什么的对象的集合,行为（操作/方法）,否,-,C3,类与对象的概念、构成与可见性
2026年4月自考02333软件工程试题及答案,14,填空,C3,用况图的作用,描述系统功能与角色交互的UML图,用例（用况）,否,-,C3,用况图与用况建模
2026年4月自考02333软件工程试题及答案,15,填空,C2,模块独立性的度量,度量模块独立性的两个准则之一,耦合,否,-,C2,模块、模块化与模块独立性
2026年4月自考02333软件工程试题及答案,16,填空,C2,需求规约的基本性质,需求说明应该具有什么和一致性,完整性（正确性）,否,-,C2,需求规约的基本性质
2026年4月自考02333软件工程试题及答案,17,填空,C1,螺旋模型的构成,螺旋模型结合了哪种模型的迭代性质,原型,否,-,C1,螺旋模型
2026年4月自考02333软件工程试题及答案,18,填空,C5,软件测试的步骤,软件测试基本步骤依次为单元组装确认和什么,系统测试,否,-,C5,软件测试综合
2026年4月自考02333软件工程试题及答案,19,填空,C2,加工说明的描述工具,加工说明3种描述形式之一,判定树,否,-,C2,加工小说明与加工的描述工具
2026年4月自考02333软件工程试题及答案,20,填空,C2,模块的定义与构成,完整模块包括规定功能部分什么部分及返回值,局部数据,否,-,C2,模块、模块化与模块独立性
2026年4月自考02333软件工程试题及答案,21,简答,C1,敏捷开发的定义,名词解释：敏捷开发,以人为核心、迭代增量的开发方法；快速响应变化、客户参与；Scrum、XP,否,-,C1,敏捷开发（敏捷·Scrum·XP）
2026年4月自考02333软件工程试题及答案,22,简答,C2,非直接耦合的含义,名词解释：非直接耦合,模块间耦合度最低；无直接信息传递，仅通过上级模块或全局数据间接通信,否,-,C2,耦合类型与设计原则
2026年4月自考02333软件工程试题及答案,23,简答,C3,多态性的含义,名词解释：多态性,同一操作作用于不同对象有不同解释与结果；通过继承和接口实现,否,-,C3,封装·继承·多态·重载
2026年4月自考02333软件工程试题及答案,24,简答,C5,静态测试的含义,名词解释：程序的静态分析方法,不运行程序，通过分析源代码发现错误；代码审查、语法分析、数据流分析,否,-,C5,静态测试与静态分析
2026年4月自考02333软件工程试题及答案,25,简答,C6,软件可维护性的定义,名词解释：软件可维护性,软件能被理解、修改、修复与适应的难易程度；可理解、可修改、可测试、可移植,否,-,C6,软件可维护性及其度量
2026年4月自考02333软件工程试题及答案,26,简答,C2,需求分析的目标,简述软件需求分析阶段的目标,理解用户需求；建立数据功能行为逻辑模型；编写需求规格说明书；与用户确认,否,-,C2,需求分析的目标
2026年4月自考02333软件工程试题及答案,27,简答,C4,移动应用开发框架,简述移动应用常见的开发框架和程序设计语言,原生Java/Kotlin、Swift；跨平台React Native等,否,-,C4,移动应用开发框架与程序设计语言
2026年4月自考02333软件工程试题及答案,28,简答,C3,继承（泛化）的含义与优点,简述继承含义及优点,子类继承父类属性方法形成一般特殊层次；提高复用性、可扩展性、便于维护,否,-,C3,封装·继承·多态·重载
2026年4月自考02333软件工程试题及答案,29,简答,C5,确认测试的任务与步骤,简述确认测试的任务及步骤,验证是否满足需求规格说明；有效性测试、配置审查、Alpha/Beta测试,否,-,C5,确认测试与有效性测试
2026年4月自考02333软件工程试题及答案,30,简答,C6,提高可维护性的方法,简述提高软件可维护性的四种方法,提高模块独立性；规范文档与注释；统一编码标准；代码审查与持续重构,否,-,C6,软件可维护性及其度量
2026年4月自考02333软件工程试题及答案,31,简答,C7,软件项目管理的困难,简述软件项目管理中存在的困难,需求不明确或频繁变更；估算难；沟通协作差；风险难控制；技能不匹配,否,-,C7,软件项目管理的内容与计划
2026年4月自考02333软件工程试题及答案,32,应用,C5,语句覆盖与执行路径分析,分析C程序覆盖语句、输出Z值及路径个数,"覆盖4,5,6,7,9,10,12,13且Z=2；共4条路径",否,-,C5,逻辑覆盖与测试覆盖强弱
2026年4月自考02333软件工程试题及答案,33,应用,C3,顺序图的构成与分析,分析登录时序图的对象消息及交互过程,登录页面、控制器、用户服务、数据库；输入用户名密码、提交登录请求、验证并返回结果,否,参考答案为通用答案，原卷题33图未提供,C3,顺序图（时序图）与协作
